{"s220_NPC":{"startTime":65062.5,"volume":0.5447420410903252,"pan":0.6453023309238857,"distort":0.7116121348282998,"lowpass":0.2723387054772928},"s221_whittyboi":{"startTime":83333.33333333333,"volume":0.5428769732082819,"pan":0.14888216092077466,"distort":0.6552456561612912,"lowpass":0.9781095365873098},"s223_Gavin":{"startTime":20718.75,"volume":0.6337751168048258,"pan":0.5149644814613317,"distort":0.6617826859022071,"lowpass":0.3020309426768977},"s224_Annie":{"startTime":11812.5,"volume":0.43696425510140435,"pan":0.32077194428311395,"distort":0.5825555610831383,"lowpass":0.2725547660966554},"s225_Jonathan":{"startTime":82366.07142857143,"volume":0.22658370942634942,"pan":0.8961586480397523,"distort":0.9728512942808942,"lowpass":0.3977123797737552}}