{"s2_s2.wav":{"startTime":48057.553956834534,"volume":0.42431192660550465,"pan":0.7706244221605859,"distort":0.5260550458715596,"lowpass":0.539908256880734},"s4_crickets.wav":{"startTime":58848.92086330935,"volume":0.5879816513761469,"pan":0.6490825688073394,"distort":0.7462385321100917,"lowpass":0.7417431192660549},"s7_belting.m4a":{"startTime":9640.287769784172,"volume":0.7988559825971874,"pan":0.6165630843732925,"distort":0.3559531805550151,"lowpass":0.5855948253207779},"s8_Boom_Clicks.m4a":{"startTime":6250,"volume":0.6201403767033213,"pan":0.03696009053970695,"distort":0.6104298253656248,"lowpass":0.127561502398992}}