{"s239_Eric":{"startTime":4646.464646464647,"volume":0.6218455130171174,"pan":0.2949861040060471,"distort":0.49294072073089357,"lowpass":0.6518222405133629},"s240_Eric":{"startTime":1218.75,"volume":0.3455970675089052,"pan":0.5983561497843604,"distort":0.039183015982418024,"lowpass":0.4593486693441945},"s241_NPC":{"startTime":0,"volume":0.7630693714420047,"pan":0.13337452663826022,"distort":0.7804658328822609,"lowpass":0.812482256500072},"s242_Annie":{"startTime":10968.75,"volume":0.07415081317917016,"pan":0.07125444509106571,"distort":0.3702450225852627,"lowpass":0.946319667376861},"s243_brian":{"startTime":7250,"volume":0.8632308768401724,"pan":0.44773034571119474,"distort":0.4693045421859583,"lowpass":0.4711912445288352},"s244_Gavin":{"startTime":3375,"volume":0.6824749969930324,"pan":0.2597215255883949,"distort":0.06058050863374931,"lowpass":0.2629293177142631},"s245_Jonathan":{"startTime":48616.07142857143,"volume":0.005854211127777731,"pan":0.9763966722356502,"distort":0.9425502873801948,"lowpass":0.492762107311008},"s246_brian":{"startTime":78750,"volume":0.11312958766063708,"pan":0.5389074975904695,"distort":0.7577305235776275,"lowpass":0.4940028302115932},"s247_NPC":{"startTime":105750,"volume":0.32205608018953413,"pan":0.3633225518538863,"distort":0.5333749733457191,"lowpass":0.47309263636455823},"s248_Annie":{"startTime":6785.714285714285,"volume":0.7234299521170884,"pan":0.7180436687799617,"distort":0.7176473701308266,"lowpass":0.6258694387080641},"s249_Gavin":{"startTime":2928.5714285714284,"volume":0.4465396878642953,"pan":0.8018614344021162,"distort":0.7986531356123078,"lowpass":0.8644778564261166},"s250_brian":{"startTime":103333.33333333333,"volume":0.7955091967001449,"pan":0.8613127221303851,"distort":0.00210608137886914,"lowpass":0.6210877099376206},"s251_Jonathan":{"startTime":1919.1919191919192,"volume":0.22500422786740015,"pan":0.8292452029934836,"distort":0.6326656232121703,"lowpass":0.07687399243680582},"s252_Annie":{"startTime":468.75,"volume":0.7514012119840296,"pan":0.4757094234060567,"distort":0.83425419408295,"lowpass":0.051875787346782776},"s253_brian":{"startTime":20000,"volume":0.16669606532910608,"pan":0.4180907369241267,"distort":0.8415063129645872,"lowpass":0.7019637401409651},"s254_Gavin":{"startTime":0,"volume":0.05422362739785669,"pan":0.10532940026013149,"distort":0.013818035191151656,"lowpass":0.10211324848090819},"s255_Eric":{"startTime":109714.28571428571,"volume":0.45260842980553373,"pan":0.5608423743883182,"distort":0.6143410754420262,"lowpass":0.7385510867112279},"s256_Jonathan":{"startTime":9977.67857142857,"volume":0.5009032139464837,"pan":0.0070169966251377724,"distort":0.546022253607547,"lowpass":0.19721832356103575},"s257_NPC":{"startTime":80343.75,"volume":0.431174399676177,"pan":0.1739245651363086,"distort":0.909681303960377,"lowpass":0.33104962895100276},"s258_Eric":{"startTime":57373.73737373737,"volume":0.7936394904761536,"pan":0.7025757668110741,"distort":0.8848119995271273,"lowpass":0.20749943156543216},"s259_brian":{"startTime":61750,"volume":0.6816740600042972,"pan":0.9544573350786081,"distort":0.8169711287778825,"lowpass":0.564630185005412},"s260_Annie":{"startTime":90750,"volume":0.4002570458443362,"pan":0.04159310769412139,"distort":0.9659750551288555,"lowpass":0.018011503694297604},"s261_Gavin":{"startTime":0,"volume":0.699843198524545,"pan":0.29338306333173614,"distort":0.9276148880259427,"lowpass":0.8266965590148847}}