{"s223_Gavin":{"startTime":20718.75,"volume":0.6337751168048258,"pan":0.5149644814613317,"distort":0.6617826859022071,"lowpass":0.3020309426768977},"s231_Jonathan":{"startTime":96500,"volume":0.2136956606852427,"pan":0.49176782551600307,"distort":0.35255977728240095,"lowpass":0.6214078762359714},"s232_Gavin":{"startTime":14531.25,"volume":0.976666103197718,"pan":0.19222017752641984,"distort":0.12433360000371874,"lowpass":0.7113795044363145},"s235_NPC":{"startTime":112406.25,"volume":0.062485924960885564,"pan":0.6511760729550478,"distort":0.2789588193463055,"lowpass":0.48744942818326265}}