{"s63_kpet":{"startTime":63814.32896064581,"volume":0.7339316024311933,"pan":0,"distort":0.39030589349551503,"lowpass":0.6021789292678046},"s77_Julia":{"startTime":63142.857142857145,"volume":0.2520501338719062,"pan":0.07500966910989826,"distort":0.49937726530951676,"lowpass":0.805580406079909},"s95_sailormoon":{"startTime":54500,"volume":0.4308509108283468,"pan":0.7755967135133077,"distort":0.8443586522605226,"lowpass":0.1575064685169515},"s100_Shosh":{"startTime":23370.332996972757,"volume":0.3595828124726016,"pan":0.30780612624107406,"distort":0.16842246278027573,"lowpass":0.9400936584424016},"s111_J-Posthuma":{"startTime":52250,"volume":0.5746113204913255,"pan":0.5747643914077885,"distort":0.09343059446384028,"lowpass":0.3080231122592685},"s112_pabloboe":{"startTime":67314.94920174165,"volume":0.1032909012991623,"pan":0.6676537093523849,"distort":0.43145114944618457,"lowpass":0.622849196016845},"s123_MorosePiano1.wav":{"startTime":63000,"volume":0.3147872734042714,"pan":0.14578140174826304,"distort":0.2401222840063928,"lowpass":0.8435672297441739},"s124_MorosePiano3.wav":{"startTime":109750,"volume":0.6651023175414428,"pan":0.7888356821713336,"distort":0.005805917237897473,"lowpass":0.09047003574507317},"s127_MorosePiano2.wav":{"startTime":0,"volume":0.002386220070994538,"pan":0.6518063267383387,"distort":0.8808456991099274,"lowpass":0.41549160238053195},"s138_ChRiStIaN":{"startTime":27666.666666666668,"volume":0.6008293251001389,"pan":0.32632023547903244,"distort":0.7608184015941848,"lowpass":0.7116904130967935},"s141_":{"startTime":0,"volume":0.3332664249592907,"pan":0.22899873969592321,"distort":0.2593091939006211,"lowpass":0.7752147608152462},"s142_TEST_TOSHI.aif":{"startTime":0,"volume":0.12058861310794211,"pan":0.8404288364338868,"distort":0.7896810787794086,"lowpass":0.6895540568662137},"s143_Freeze_6-5-splash_piano_1_[2020-05-15_162628].wav.asd":{"startTime":0,"volume":0.27025428391295025,"pan":0.7757392168266328,"distort":0.5818028558441302,"lowpass":0.581163498865584},"s144_Can_anyone_hear_me?.m4a":{"startTime":0,"volume":0.9233285097460016,"pan":0.41480708991105075,"distort":0.06332177964593177,"lowpass":0.8634657445531762},"s145_bleat.wav":{"startTime":60166.666666666664,"volume":0.023285934460514413,"pan":0.071509034159281,"distort":0.641124040101269,"lowpass":0.08691842862535526},"s146_bae":{"startTime":34250,"volume":0.455744379294986,"pan":0.398847581452468,"distort":0.21490273042684116,"lowpass":0.4028020391047672},"s147_bae":{"startTime":75317.86074672049,"volume":0.06043838692609871,"pan":0.39305602830210906,"distort":0.033009186547392266,"lowpass":0.4367709462257825},"s149_bae":{"startTime":0,"volume":0.7696052767254518,"pan":0.1188866492031595,"distort":0.09178552594072986,"lowpass":0.8126561460560733},"s150_bae":{"startTime":69166.66666666667,"volume":0.37326652215475575,"pan":0.17362850492521897,"distort":0.6538700439300582,"lowpass":0.6803893246402666},"s151_Raquel":{"startTime":88083.33333333333,"volume":0.5853776633561513,"pan":0.5609159599828413,"distort":0.17795689046824958,"lowpass":0.6804368552546414},"s153_brian":{"startTime":103916.66666666667,"volume":0.1834583277794276,"pan":0.3806681897456572,"distort":0.45692222364699253,"lowpass":0.26177744126551383},"s155_brian_talking.wav":{"startTime":9143.686502177068,"volume":0.8587762957799678,"pan":0.6153376711561289,"distort":0.20034932147633566,"lowpass":0.6465342741463733},"s156_christiaN":{"startTime":85218.75,"volume":0.342302033464967,"pan":0.9655637025403798,"distort":0.036139224913851464,"lowpass":0.07816194483406291},"s157_brian":{"startTime":16333.333333333334,"volume":0.25904305353486823,"pan":0.9193682271349852,"distort":0.07354327131715976,"lowpass":0.031865828496244974},"s158_brian_transformedwav.wav":{"startTime":7402.031930333817,"volume":0.6315354981191112,"pan":0.39678486404064106,"distort":0.4336064559092345,"lowpass":0.47719351120402287},"s159_christiaN":{"startTime":35250,"volume":0.22728398983520892,"pan":0.8727462848684246,"distort":0.3008683029168895,"lowpass":0.0972810436775855},"s160_brian":{"startTime":80083.33333333333,"volume":0.2300639073500912,"pan":0.800148061863746,"distort":0.5155502510184942,"lowpass":0.9347939046039766},"s162_squeeeeeeeqqq.wav":{"startTime":2583.3333333333335,"volume":0.19043492638151693,"pan":0.4845168626617322,"distort":0.2628476156386621,"lowpass":0.10189117739562037},"s163_christiaN":{"startTime":81468.75,"volume":0.12001092800976121,"pan":0.9016472315743109,"distort":0.9602464148024334,"lowpass":0.9715257788576515},"s164_uke":{"startTime":45583.333333333336,"volume":0.1193775606865648,"pan":0.1370020716560676,"distort":0.33798599367648086,"lowpass":0.7821468998120975},"s165_uke":{"startTime":74250,"volume":0.31378852418417214,"pan":0.726948079260646,"distort":0.6138059106612923,"lowpass":0.6014958316237966},"s166_weirrrd.wav":{"startTime":0,"volume":0.9319634336514377,"pan":0.3123151327551974,"distort":0.31936370611814535,"lowpass":0.20964779499859376}}