{"s2_s2.wav":{"startTime":7482.014388489209,"volume":0.44036697247706424,"pan":0.4403491928027877,"distort":0.3586238532110092,"lowpass":0.8472477064220183},"s4_crickets.wav":{"startTime":20287.769784172662,"volume":0.5879816513761469,"pan":0.6490825688073394,"distort":0.7462385321100917,"lowpass":0.3954128440366972},"s7_belting.m4a":{"startTime":6906.474820143885,"volume":0.7529844229641598,"pan":0.5362878550154945,"distort":0.5554944649586848,"lowpass":0.6498150088070164},"s8_Boom_Clicks.m4a":{"startTime":27666.666666666668,"volume":0.1958284500978167,"pan":0.36723531989750513,"distort":0.6264848712371844,"lowpass":0.127561502398992},"s9_Bowed_vibe_drone.m4a":{"startTime":83666.66666666667,"volume":0.7501455140313762,"pan":0.8091303055092303,"distort":0.920348118007078,"lowpass":0.6034723216543927},"s10_Grinding_Coffee_Beans.m4a":{"startTime":12166.666666666666,"volume":0.02957126272579702,"pan":0.7223588843502822,"distort":0.4822500223102921,"lowpass":0.402832584790924},"s11_belting.m4a":{"startTime":37583.333333333336,"volume":0.3593198450107913,"pan":0.9603490598597773,"distort":0.4800265820968841,"lowpass":0.8134140218640695}}