{"s21_Prepared_ArcoSafetyPin_D_01.wav":{"startTime":64500,"volume":0.5070841904187149,"pan":0.3983101377255641,"distort":0,"lowpass":0.9726138434486306},"s62_fl1.m4a":{"startTime":62785.71428571428,"volume":0.6876144536772268,"pan":0.15931193078556827,"distort":0.3661542281110417,"lowpass":0.16414907104598853},"s63_kpet":{"startTime":63214.28571428572,"volume":0.7339316024311933,"pan":0.007912685194744862,"distort":0.39030589349551503,"lowpass":0.6021789292678046},"s77_Julia":{"startTime":63142.857142857145,"volume":0.2520501338719062,"pan":0.07500966910989826,"distort":0.49937726530951676,"lowpass":0.805580406079909},"s93_beeps.wav":{"startTime":62285.71428571428,"volume":0.7950107870851224,"pan":0.8841551798596097,"distort":0.4263399928547249,"lowpass":0.5922712203686291},"s95_sailormoon":{"startTime":62642.857142857145,"volume":0.4583738466081634,"pan":0.7755967135133077,"distort":0.8443586522605226,"lowpass":0.1575064685169515},"s100_Shosh":{"startTime":98687.5,"volume":0.15651114011765288,"pan":0.4932521356307453,"distort":0.16842246278027573,"lowpass":0.9400936584424016},"s105_Tabes":{"startTime":62642.857142857145,"volume":0.8407265951038854,"pan":0.43676758291993867,"distort":0.2901214456746529,"lowpass":0.005265425040337446},"s111_J-Posthuma":{"startTime":91625,"volume":0.23575670045813502,"pan":0.5747643914077885,"distort":0.09343059446384028,"lowpass":0.3080231122592685},"s112_pabloboe":{"startTime":64571.42857142857,"volume":0.1032909012991623,"pan":0.7478584875093814,"distort":0.43145114944618457,"lowpass":0.622849196016845},"s123_MorosePiano1.wav":{"startTime":63000,"volume":0.3147872734042714,"pan":0.14578140174826304,"distort":0.2401222840063928,"lowpass":0.8435672297441739},"s124_MorosePiano3.wav":{"startTime":61875,"volume":0.59400140011025,"pan":0.7351174684521586,"distort":0.005805917237897473,"lowpass":0.09047003574507317},"s126_3.m4a":{"startTime":48416.666666666664,"volume":0.4037404699695515,"pan":0.5671356556171661,"distort":0.48231110446956427,"lowpass":0.022765928669956526},"s127_MorosePiano2.wav":{"startTime":0,"volume":0.002386220070994538,"pan":0.6518063267383387,"distort":0.8808456991099274,"lowpass":0.41549160238053195},"s137_ChRiStIaN":{"startTime":61312.5,"volume":0.9124885561679801,"pan":0.7785664690131391,"distort":0.9518609608827113,"lowpass":0.5283634284124311},"s138_ChRiStIaN":{"startTime":63928.57142857143,"volume":0.18379131723644304,"pan":0.32632023547903244,"distort":0.7608184015941848,"lowpass":0.9173355743871161}}