{"s2_s2.wav":{"startTime":32375,"volume":0.47247706422018354,"pan":0.5252115781238886,"distort":0.4870642201834863,"lowpass":0.7027522935779817},"s3_s14_Sputnik-Beep.wav":{"startTime":26875,"volume":0.7875229357798164,"pan":0.445108218950762,"distort":0.723302752293578,"lowpass":0.6477064220183489},"s4_crickets.wav":{"startTime":18875,"volume":0.38155963302752305,"pan":0.35550458715596334,"distort":0.5306422018348624,"lowpass":0.5720183486238531},"s7_belting.m4a":{"startTime":22625,"volume":0.5305073587439764,"pan":0.5087649192356778,"distort":0.2687972172522629,"lowpass":0.7920168436694017}}