{"s239_Eric":{"startTime":67373.73737373737,"volume":0.5801788463504509,"pan":0.2949861040060471,"distort":0.49294072073089357,"lowpass":0.6518222405133629},"s240_Eric":{"startTime":60404.0404040404,"volume":0.8586179008422384,"pan":0.5282924555168445,"distort":0.039183015982418024,"lowpass":0.4593486693441945},"s241_NPC":{"startTime":72187.5,"volume":0.7630693714420047,"pan":0.12570189236716045,"distort":0.7804658328822609,"lowpass":0.812482256500072},"s242_Annie":{"startTime":11718.75,"volume":0.07415081317917016,"pan":0.07443915846686189,"distort":0.3702450225852627,"lowpass":0.946319667376861},"s243_brian":{"startTime":7250,"volume":0.8632308768401724,"pan":0.44773034571119474,"distort":0.4693045421859583,"lowpass":0.4711912445288352},"s244_Gavin":{"startTime":1500,"volume":0.6824749969930324,"pan":0.31067693960113374,"distort":0.3391039985666352,"lowpass":0.2629293177142631},"s245_Jonathan":{"startTime":45468.75,"volume":0.005854211127777731,"pan":0.6587305458174979,"distort":0.9425502873801948,"lowpass":0.492762107311008},"s246_brian":{"startTime":112166.66666666667,"volume":0.11312958766063708,"pan":0.5389074975904695,"distort":0.7577305235776275,"lowpass":0.5696909036060886}}