{"s2_s2.wav":{"startTime":7482.014388489209,"volume":0.44036697247706424,"pan":0.4403491928027877,"distort":0.3586238532110092,"lowpass":0.8472477064220183},"s4_crickets.wav":{"startTime":13968.75,"volume":0.5879816513761469,"pan":0.6984863166778675,"distort":0.40608507942466976,"lowpass":0.46696309957332416},"s8_Boom_Clicks.m4a":{"startTime":27937.5,"volume":0.8279713072406738,"pan":0.36723531989750513,"distort":0.6264848712371844,"lowpass":0.127561502398992},"s9_Bowed_vibe_drone.m4a":{"startTime":49875,"volume":0.7501455140313762,"pan":0.8091303055092303,"distort":0.9740565579047763,"lowpass":0.6034723216543927},"s10_Grinding_Coffee_Beans.m4a":{"startTime":29906.25,"volume":0.33691071226708147,"pan":0.7223588843502822,"distort":0.9784137051747422,"lowpass":0.240992721077125},"s11_belting.m4a":{"startTime":64593.75,"volume":0.742118010148406,"pan":0.5746347741454916,"distort":0.4800265820968841,"lowpass":0.22297033585724357},"s12_fast_bass_arco.m4a":{"startTime":58416.666666666664,"volume":0.4530309278378776,"pan":0.45788406863739173,"distort":0.496786516630519,"lowpass":0.5718067402402587},"s13_guitar_vamp.m4a":{"startTime":49781.25,"volume":0.5130590159041473,"pan":0.09969155241657535,"distort":0.7614450282725149,"lowpass":0.7191650208219571},"s14_bass_lyrical_and_trill.m4a":{"startTime":52406.25,"volume":0.2399514036827458,"pan":0.3342499503571221,"distort":0.8318414313037581,"lowpass":0.864169206418138},"s15_marimba_fast.m4a":{"startTime":72187.5,"volume":0.27805546431157246,"pan":0.692174126676524,"distort":0.5925958983408186,"lowpass":0.3005392940989642},"s16_triangle_groove.m4a":{"startTime":60656.25,"volume":0.7922757923309746,"pan":0.8609656001298343,"distort":0.10129525480378476,"lowpass":0.7226319897314091},"s17_Violin_Fiddle.m4a":{"startTime":12937.5,"volume":0.3884490196586028,"pan":0.6014322727379042,"distort":0.22585273752538582,"lowpass":0.9108686400284114},"s18_whistling.m4a":{"startTime":1166.6666666666667,"volume":0.6959225748795709,"pan":0.44986757863005644,"distort":0.6813065090314834,"lowpass":0.5034354102210351},"s19_wind_chimes_(short).m4a":{"startTime":39468.75,"volume":0.4182196669672198,"pan":0.7622046452916788,"distort":0.9770281755315734,"lowpass":0.09311727020058647},"s21_Prepared_ArcoSafetyPin_D_01.wav":{"startTime":94968.75,"volume":0.47318427055904455,"pan":0.18347637813477125,"distort":0.9921067137037197,"lowpass":0.3101702727481792},"s22_pabloboe":{"startTime":15937.5,"volume":0.7549684597894958,"pan":0.9441402787678688,"distort":0.8812413205868862,"lowpass":0.2947571402170711},"s24_Tabes B":{"startTime":0,"volume":0.167253616358068,"pan":0.8664894499126139,"distort":0.5912572594238257,"lowpass":0.9595981534348428},"s25_Tabes B":{"startTime":0,"volume":0.3886045224776138,"pan":0.22121568696902694,"distort":0.24131386266630583,"lowpass":0.40899794447476223},"s26_Tabes B":{"startTime":0,"volume":0.3023938511224131,"pan":0.327665935290657,"distort":0.709534009533505,"lowpass":0.10891878495662533},"s29_TabesB":{"startTime":26625,"volume":0.5220474463012662,"pan":0.948872540428606,"distort":0.640765318757361,"lowpass":0.630431052071309},"s30_TabesB":{"startTime":0,"volume":0.6690200186243942,"pan":0.374041597312023,"distort":0.9159262324675097,"lowpass":0.6913814569219203}}