{"s239_Eric":{"startTime":67373.73737373737,"volume":0.5801788463504509,"pan":0.2949861040060471,"distort":0.49294072073089357,"lowpass":0.6518222405133629},"s240_Eric":{"startTime":60404.0404040404,"volume":0.8586179008422384,"pan":0.5282924555168445,"distort":0.039183015982418024,"lowpass":0.4593486693441945},"s241_NPC":{"startTime":72187.5,"volume":0.7630693714420047,"pan":0.12570189236716045,"distort":0.7804658328822609,"lowpass":0.812482256500072},"s242_Annie":{"startTime":10968.75,"volume":0.07415081317917016,"pan":0.07125444509106571,"distort":0.3702450225852627,"lowpass":0.946319667376861},"s243_brian":{"startTime":7250,"volume":0.8632308768401724,"pan":0.44773034571119474,"distort":0.4693045421859583,"lowpass":0.4711912445288352},"s244_Gavin":{"startTime":1500,"volume":0.6824749969930324,"pan":0.31067693960113374,"distort":0.3391039985666352,"lowpass":0.2629293177142631},"s245_Jonathan":{"startTime":48616.07142857143,"volume":0.005854211127777731,"pan":0.9763966722356502,"distort":0.9425502873801948,"lowpass":0.492762107311008},"s246_brian":{"startTime":78750,"volume":0.11312958766063708,"pan":0.5389074975904695,"distort":0.7577305235776275,"lowpass":0.4940028302115932},"s247_NPC":{"startTime":105750,"volume":0.32205608018953413,"pan":0.3633225518538863,"distort":0.5333749733457191,"lowpass":0.47309263636455823},"s248_Annie":{"startTime":54093.75,"volume":0.7234299521170884,"pan":0.7192501642909289,"distort":0.7176473701308266,"lowpass":0.6258694387080641},"s249_Gavin":{"startTime":937.5,"volume":0.4465396878642953,"pan":0.8462300350847101,"distort":0.7986531356123078,"lowpass":0.8644778564261166},"s250_brian":{"startTime":103333.33333333333,"volume":0.7955091967001449,"pan":0.8613127221303851,"distort":0.00210608137886914,"lowpass":0.6210877099376206},"s251_Jonathan":{"startTime":31138.39285714286,"volume":0.22500422786740004,"pan":0.8292452029934836,"distort":0.6326656232121703,"lowpass":0.8240376877366438},"s252_Annie":{"startTime":0,"volume":0.7514012119840296,"pan":0.4916329902850376,"distort":0.83425419408295,"lowpass":0.051875787346782776},"s253_brian":{"startTime":22500,"volume":0.16669606532910608,"pan":0.4180907369241267,"distort":0.8415063129645872,"lowpass":0.3739820887648183}}