{"s2_s2.wav":{"startTime":7482.014388489209,"volume":0.44036697247706424,"pan":0.4403491928027877,"distort":0.3586238532110092,"lowpass":0.8472477064220183},"s4_crickets.wav":{"startTime":13732.236350037398,"volume":0.626850909326677,"pan":0.6984863166778675,"distort":0.40608507942466976,"lowpass":0.46696309957332416},"s8_Boom_Clicks.m4a":{"startTime":27937.5,"volume":0.8279713072406738,"pan":0.36723531989750513,"distort":0.6264848712371844,"lowpass":0.127561502398992},"s9_Bowed_vibe_drone.m4a":{"startTime":49875,"volume":0.7501455140313762,"pan":0.8091303055092303,"distort":0.9740565579047763,"lowpass":0.6034723216543927},"s10_Grinding_Coffee_Beans.m4a":{"startTime":29906.25,"volume":0.33691071226708147,"pan":0.7223588843502822,"distort":0.9784137051747422,"lowpass":0.240992721077125},"s11_belting.m4a":{"startTime":64593.75,"volume":0.742118010148406,"pan":0.5746347741454916,"distort":0.4800265820968841,"lowpass":0.22297033585724357},"s12_fast_bass_arco.m4a":{"startTime":62625,"volume":0.4530309278378776,"pan":0.9438175724737089,"distort":0.496786516630519,"lowpass":0.5718067402402587},"s13_guitar_vamp.m4a":{"startTime":49781.25,"volume":0.5130590159041473,"pan":0.09969155241657535,"distort":0.7614450282725149,"lowpass":0.7191650208219571},"s14_bass_lyrical_and_trill.m4a":{"startTime":63455.497382198955,"volume":0.6466010200510324,"pan":0.3342499503571221,"distort":0.8512760602790231,"lowpass":0.864169206418138},"s15_marimba_fast.m4a":{"startTime":72187.5,"volume":0.27805546431157246,"pan":0.692174126676524,"distort":0.5925958983408186,"lowpass":0.3005392940989642},"s16_triangle_groove.m4a":{"startTime":61211.66791323859,"volume":0.8576468170659569,"pan":0.8609656001298343,"distort":0.10129525480378476,"lowpass":0.7226319897314091},"s17_Violin_Fiddle.m4a":{"startTime":12937.5,"volume":0.3884490196586028,"pan":0.6014322727379042,"distort":0.22585273752538582,"lowpass":0.9108686400284114},"s18_whistling.m4a":{"startTime":4500,"volume":0.6959225748795709,"pan":0.44986757863005644,"distort":0.6740601322198891,"lowpass":0.5034354102210351},"s19_wind_chimes_(short).m4a":{"startTime":39468.75,"volume":0.4182196669672198,"pan":0.7622046452916788,"distort":0.9770281755315734,"lowpass":0.09311727020058647},"s21_Prepared_ArcoSafetyPin_D_01.wav":{"startTime":87281.25,"volume":0.47318427055904455,"pan":0.3983101377255641,"distort":0.9921067137037197,"lowpass":0.3101702727481792},"s22_pabloboe":{"startTime":15937.5,"volume":0.7549684597894958,"pan":0.9441402787678688,"distort":0.8812413205868862,"lowpass":0.2947571402170711},"s24_Tabes B":{"startTime":0,"volume":0.167253616358068,"pan":0.8664894499126139,"distort":0.5912572594238257,"lowpass":0.9595981534348428},"s25_Tabes B":{"startTime":0,"volume":0.3886045224776138,"pan":0.22121568696902694,"distort":0.24131386266630583,"lowpass":0.40899794447476223},"s26_Tabes B":{"startTime":0,"volume":0.3023938511224131,"pan":0.327665935290657,"distort":0.709534009533505,"lowpass":0.10891878495662533},"s30_TabesB":{"startTime":3843.75,"volume":0.28538830506940693,"pan":0.374041597312023,"distort":0.9159262324675097,"lowpass":0.6913814569219203},"s31_pabloboe":{"startTime":87000,"volume":0.8312286985238992,"pan":0.16753465392213474,"distort":0.21633345511329205,"lowpass":0.38806459551990513},"s32_pabloboe":{"startTime":65156.25,"volume":0.8850491681698944,"pan":0.02626278976977714,"distort":0.06519189121541569,"lowpass":0.301609586914555},"s33_Pizz_A4_01.wav":{"startTime":66000,"volume":0.9798887107406675,"pan":0.30454974070681384,"distort":0.09958364832663058,"lowpass":0.4141770447632567},"s34_Tabes":{"startTime":10500,"volume":0.07098775432301618,"pan":0.012968189354907844,"distort":0.7933752536423475,"lowpass":0.043007276365478964},"s35_slidy bit 2.wav":{"startTime":0,"volume":0.7299174921556792,"pan":0.4481547323198718,"distort":0.009486173301982648,"lowpass":0.6522962852235488},"s36_fl-ex-trem.wav":{"startTime":55557.217651458486,"volume":0.551916616869267,"pan":0.5362312728445375,"distort":0.928922669040654,"lowpass":0.059119512001482244}}