{"s2_s2.wav":{"startTime":7482.014388489209,"volume":0.44036697247706424,"pan":0.4403491928027877,"distort":0.3586238532110092,"lowpass":0.8472477064220183},"s4_crickets.wav":{"startTime":20287.769784172662,"volume":0.5879816513761469,"pan":0.6490825688073394,"distort":0.7462385321100917,"lowpass":0.3954128440366972},"s7_belting.m4a":{"startTime":6906.474820143885,"volume":0.7529844229641598,"pan":0.5362878550154945,"distort":0.5554944649586848,"lowpass":0.6498150088070164},"s8_Boom_Clicks.m4a":{"startTime":27666.666666666668,"volume":0.1958284500978167,"pan":0.36723531989750513,"distort":0.6264848712371844,"lowpass":0.127561502398992},"s9_Bowed_vibe_drone.m4a":{"startTime":83666.66666666667,"volume":0.7501455140313762,"pan":0.8091303055092303,"distort":0.920348118007078,"lowpass":0.6034723216543927},"s10_Grinding_Coffee_Beans.m4a":{"startTime":12250,"volume":0.33691071226708147,"pan":0.7223588843502822,"distort":0.4822500223102921,"lowpass":0.402832584790924},"s11_belting.m4a":{"startTime":37125,"volume":0.9878912735822198,"pan":0.9603490598597773,"distort":0.4800265820968841,"lowpass":0.8134140218640695},"s12_fast_bass_arco.m4a":{"startTime":58416.666666666664,"volume":0.4530309278378776,"pan":0.45788406863739173,"distort":0.496786516630519,"lowpass":0.5718067402402587},"s13_guitar_vamp.m4a":{"startTime":11062.5,"volume":0.06399678231505945,"pan":0.09969155241657535,"distort":0.8279411919553794,"lowpass":0.7191650208219571},"s14_bass_lyrical_and_trill.m4a":{"startTime":103166.66666666667,"volume":0.8462661034757065,"pan":0.3342499503571221,"distort":0.5786445003574665,"lowpass":0.29932279003588547},"s15_marimba_fast.m4a":{"startTime":66833.33333333333,"volume":0.27805546431157246,"pan":0.692174126676524,"distort":0.5925958983408186,"lowpass":0.8648250083846785},"s16_triangle_groove.m4a":{"startTime":60656.25,"volume":0.7922757923309746,"pan":0.8609656001298343,"distort":0.10129525480378487,"lowpass":0.7226319897314091},"s17_Violin_Fiddle.m4a":{"startTime":7500,"volume":0.5369997442962839,"pan":0.6832039933511922,"distort":0.4560317656583781,"lowpass":0.12247273559155136},"s18_whistling.m4a":{"startTime":31779.310344827587,"volume":0.6959225748795709,"pan":0.8677247214871993,"distort":0.6813065090314834,"lowpass":0.48914969593532076},"s19_wind_chimes_(short).m4a":{"startTime":71416.66666666667,"volume":0.9527465211871686,"pan":0.7622046452916788,"distort":0.48342203742415646,"lowpass":0.09311727020058647}}