{"s95_sailormoon":{"startTime":17500,"volume":0.8551628374338514,"pan":0.7755967135133077,"distort":0.3168357164807061,"lowpass":0.1575064685169515},"s112_pabloboe":{"startTime":113718.75,"volume":0.1032909012991623,"pan":0.02434160744155689,"distort":0.7410841769691203,"lowpass":0.622849196016845},"s165_uke":{"startTime":114343.43434343435,"volume":0.8445052477336602,"pan":0.726948079260646,"distort":0.6138059106612923,"lowpass":0.0546875}}