{"s63_kpet":{"startTime":63814.32896064581,"volume":0.7339316024311933,"pan":0,"distort":0.39030589349551503,"lowpass":0.6021789292678046},"s77_Julia":{"startTime":63142.857142857145,"volume":0.2520501338719062,"pan":0.07500966910989826,"distort":0.49937726530951676,"lowpass":0.805580406079909},"s95_sailormoon":{"startTime":54500,"volume":0.4308509108283468,"pan":0.7755967135133077,"distort":0.8443586522605226,"lowpass":0.1575064685169515},"s100_Shosh":{"startTime":23370.332996972757,"volume":0.3595828124726016,"pan":0.30780612624107406,"distort":0.16842246278027573,"lowpass":0.9400936584424016},"s111_J-Posthuma":{"startTime":63000,"volume":0.024152604894995156,"pan":0.5747643914077885,"distort":0.09343059446384028,"lowpass":0.3080231122592685},"s112_pabloboe":{"startTime":67314.94920174165,"volume":0.1032909012991623,"pan":0.6676537093523849,"distort":0.43145114944618457,"lowpass":0.622849196016845},"s123_MorosePiano1.wav":{"startTime":63000,"volume":0.3147872734042714,"pan":0.14578140174826304,"distort":0.2401222840063928,"lowpass":0.8435672297441739},"s124_MorosePiano3.wav":{"startTime":109750,"volume":0.6651023175414428,"pan":0.7888356821713336,"distort":0.005805917237897473,"lowpass":0.09047003574507317},"s127_MorosePiano2.wav":{"startTime":0,"volume":0.002386220070994538,"pan":0.6518063267383387,"distort":0.8808456991099274,"lowpass":0.41549160238053195},"s138_ChRiStIaN":{"startTime":64166.666666666664,"volume":0.05037060950380856,"pan":0.32632023547903244,"distort":0.7608184015941848,"lowpass":0.7116904130967935},"s141_":{"startTime":0,"volume":0.3332664249592907,"pan":0.22899873969592321,"distort":0.2593091939006211,"lowpass":0.7752147608152462},"s142_TEST_TOSHI.aif":{"startTime":0,"volume":0.12058861310794211,"pan":0.8404288364338868,"distort":0.7896810787794086,"lowpass":0.6895540568662137},"s143_Freeze_6-5-splash_piano_1_[2020-05-15_162628].wav.asd":{"startTime":0,"volume":0.27025428391295025,"pan":0.7757392168266328,"distort":0.5818028558441302,"lowpass":0.581163498865584},"s144_Can_anyone_hear_me?.m4a":{"startTime":0,"volume":0.9233285097460016,"pan":0.41480708991105075,"distort":0.06332177964593177,"lowpass":0.8634657445531762},"s145_bleat.wav":{"startTime":60166.666666666664,"volume":0.023285934460514413,"pan":0.071509034159281,"distort":0.641124040101269,"lowpass":0.08691842862535526},"s146_bae":{"startTime":64904.137235116046,"volume":0.2676709847995731,"pan":0.398847581452468,"distort":0.21490273042684116,"lowpass":0.8431690115818313},"s147_bae":{"startTime":75317.86074672049,"volume":0.06043838692609871,"pan":0.39305602830210906,"distort":0.033009186547392266,"lowpass":0.4367709462257825},"s149_bae":{"startTime":0,"volume":0.7696052767254518,"pan":0.1188866492031595,"distort":0.09178552594072986,"lowpass":0.8126561460560733},"s150_bae":{"startTime":69166.66666666667,"volume":0.37326652215475575,"pan":0.17362850492521897,"distort":0.6538700439300582,"lowpass":0.6803893246402666},"s151_Raquel":{"startTime":88083.33333333333,"volume":0.5853776633561513,"pan":0.5609159599828413,"distort":0.17795689046824958,"lowpass":0.6804368552546414},"s153_brian":{"startTime":42583.333333333336,"volume":0.4518069516326385,"pan":0.3806681897456572,"distort":0.45692222364699253,"lowpass":0.26177744126551383},"s155_brian_talking.wav":{"startTime":9143.686502177068,"volume":0.8587762957799678,"pan":0.6153376711561289,"distort":0.20034932147633566,"lowpass":0.6465342741463733},"s156_christiaN":{"startTime":85218.75,"volume":0.342302033464967,"pan":0.9655637025403798,"distort":0.036139224913851464,"lowpass":0.07816194483406291},"s157_brian":{"startTime":16333.333333333334,"volume":0.25904305353486823,"pan":0.9193682271349852,"distort":0.07354327131715976,"lowpass":0.031865828496244974}}