{"s63_kpet":{"startTime":64666.666666666664,"volume":0.7339316024311933,"pan":0,"distort":0.39030589349551503,"lowpass":0.05172021367147428},"s95_sailormoon":{"startTime":54500,"volume":0.4308509108283468,"pan":0.7755967135133077,"distort":0.8443586522605226,"lowpass":0.1575064685169515},"s111_J-Posthuma":{"startTime":50333.333333333336,"volume":0.5241526048949952,"pan":0.5747643914077885,"distort":0.09343059446384028,"lowpass":0.3080231122592685},"s112_pabloboe":{"startTime":67314.94920174165,"volume":0.1032909012991623,"pan":0.6676537093523849,"distort":0.43145114944618457,"lowpass":0.622849196016845},"s127_MorosePiano2.wav":{"startTime":0,"volume":0.002386220070994538,"pan":0.6518063267383387,"distort":0.8808456991099274,"lowpass":0.41549160238053195},"s138_ChRiStIaN":{"startTime":31312.5,"volume":0.3076772936453551,"pan":0.32632023547903244,"distort":0.7608184015941848,"lowpass":0.7116904130967935},"s141_":{"startTime":0,"volume":0.3332664249592907,"pan":0.22899873969592321,"distort":0.2593091939006211,"lowpass":0.7752147608152462},"s142_TEST_TOSHI.aif":{"startTime":0,"volume":0.12058861310794211,"pan":0.8404288364338868,"distort":0.7896810787794086,"lowpass":0.6895540568662137},"s143_Freeze_6-5-splash_piano_1_[2020-05-15_162628].wav.asd":{"startTime":0,"volume":0.27025428391295025,"pan":0.7757392168266328,"distort":0.5818028558441302,"lowpass":0.581163498865584},"s144_Can_anyone_hear_me?.m4a":{"startTime":0,"volume":0.9233285097460016,"pan":0.41480708991105075,"distort":0.06332177964593177,"lowpass":0.8634657445531762},"s145_bleat.wav":{"startTime":79416.66666666667,"volume":0.7526437326256521,"pan":0.071509034159281,"distort":0.641124040101269,"lowpass":0.08691842862535526},"s147_bae":{"startTime":75317.86074672049,"volume":0.06043838692609871,"pan":0.39305602830210906,"distort":0.033009186547392266,"lowpass":0.4367709462257825},"s149_bae":{"startTime":74583.33333333333,"volume":0.1457520657162774,"pan":0.1188866492031595,"distort":0.09178552594072986,"lowpass":0.060362568074421974},"s150_bae":{"startTime":69166.66666666667,"volume":0.37326652215475575,"pan":0.17362850492521897,"distort":0.6538700439300582,"lowpass":0.6803893246402666},"s153_brian":{"startTime":39100.14513788099,"volume":0.038962914935390947,"pan":0.4881767221688653,"distort":0.45692222364699253,"lowpass":0.26177744126551383},"s155_brian_talking.wav":{"startTime":18461.53846153846,"volume":0.8485373879301386,"pan":0.6153376711561289,"distort":0.20034932147633566,"lowpass":0.2703874851555478},"s160_brian":{"startTime":81093.75,"volume":0.590778193064377,"pan":0.800148061863746,"distort":0.36879257183760683,"lowpass":0.9347939046039766},"s162_squeeeeeeeqqq.wav":{"startTime":34083.333333333336,"volume":0.30970098142738844,"pan":0.4845168626617322,"distort":0.2628476156386621,"lowpass":0.10189117739562037},"s163_christiaN":{"startTime":59906.25,"volume":0.4057252137240469,"pan":0.9016472315743109,"distort":0.8663897595123311,"lowpass":0.9715257788576515},"s164_uke":{"startTime":98166.66666666667,"volume":0.3670839827049135,"pan":0.1370020716560676,"distort":0.33798599367648086,"lowpass":0.15370653283962044},"s165_uke":{"startTime":74250,"volume":0.31378852418417214,"pan":0.726948079260646,"distort":0.6138059106612923,"lowpass":0.6014958316237966},"s166_weirrrd.wav":{"startTime":69579.10014513788,"volume":0.6247961981565572,"pan":0.16385096893267181,"distort":0.31936370611814535,"lowpass":0.20964779499859376},"s168_bell_reversed.wav":{"startTime":58166.666666666664,"volume":0.6748309903616918,"pan":0.22876968979728418,"distort":0.1545670130262331,"lowpass":0.1342605896535165},"s173_christiaN":{"startTime":49312.5,"volume":0.740106169577203,"pan":0.8302768341456359,"distort":0.9386153221356306,"lowpass":0.5640916811842716},"s174_whatsthat.wav":{"startTime":50507.98258345428,"volume":0.7945553039984984,"pan":0.34574144501540793,"distort":0.5502591868714923,"lowpass":0.9583861981662776},"s175_christiaN":{"startTime":16500,"volume":0.4823398266346408,"pan":0.8027612262707842,"distort":0.566114710295666,"lowpass":0.070450136889187},"s178_Raquel":{"startTime":91950.32870708546,"volume":0.7799689962138898,"pan":0.9889237855707527,"distort":0.7934453736499936,"lowpass":0.37569896415688286},"s179_christiaN":{"startTime":45937.5,"volume":0.311118591551228,"pan":0.9205656023192135,"distort":0.16292178998961926,"lowpass":0.48042890181450293},"s182_christiaN":{"startTime":55687.5,"volume":0.5996327575370499,"pan":0.35185195149579895,"distort":0.9773810646524796,"lowpass":0.854940948532017},"s184_shhhh.wav":{"startTime":91785.19593613934,"volume":0.9389350876625311,"pan":0.15149195961977624,"distort":0.2882213238417386,"lowpass":0.056985414231728315},"s186_christiaN":{"startTime":81857.7648766328,"volume":0.4889692739344079,"pan":0.015547248013312087,"distort":0.11654034548031378,"lowpass":0.6221339491867695},"s187_christiaN":{"startTime":7687.5,"volume":0.44958282434271923,"pan":0.2606532018516965,"distort":0.51139623119894,"lowpass":0.5432920806445516},"s188_Raquel":{"startTime":54500,"volume":0.2140442458713866,"pan":0.5731070331043848,"distort":0.7921281456818319,"lowpass":0.020931883315215227},"s189_creature.wav":{"startTime":30250,"volume":0.7647565043447611,"pan":0.976698972061044,"distort":0.08999857931946265,"lowpass":0.7318181203347682},"s190_christiaN":{"startTime":36468.75,"volume":0.35761802487761296,"pan":0.6799580456858418,"distort":0.13851316747854803,"lowpass":0.044753167746694134},"s192_bobobobo.wav":{"startTime":3831.6400580551526,"volume":0.2902381509554367,"pan":0.2220012476229165,"distort":0.6898533857135916,"lowpass":0.8193440854372873},"s194_Raquel":{"startTime":12250,"volume":0.564033160434029,"pan":0.6145772407469707,"distort":0.10285020361409525,"lowpass":0.6264597360848452},"s195_christiaN":{"startTime":15065.312046444122,"volume":0.940946107675525,"pan":0.2836377851369485,"distort":0.2723233095328814,"lowpass":0.07754055367335555},"s196_lowlow.wav":{"startTime":20812.77213352685,"volume":0.05552346781233808,"pan":0.8709319196251617,"distort":0.8711901582811719,"lowpass":0.9469671191752318},"s197_christiaN":{"startTime":10875,"volume":0.3266559038052831,"pan":0.3712512662570231,"distort":0.7023551567538231,"lowpass":0.4226664905226569},"s198_Raquel":{"startTime":104222.05989773557,"volume":0.2262268228442822,"pan":0.5971114081144104,"distort":0.33707376688185375,"lowpass":0.4431045949333332},"s199_creature2.wav":{"startTime":4092.88824383164,"volume":0.5769821485963627,"pan":0.6692819546805417,"distort":0.2867010597145607,"lowpass":0.09124230845353454},"s200_christiaN":{"startTime":80062.5,"volume":0.37734895924009526,"pan":0.870457576189708,"distort":0.7094673821143447,"lowpass":0.6727409099428545}}