{"s2_s2.wav":{"startTime":90160.77170418006,"volume":0.5596330275229358,"pan":0.5252115781238886,"distort":0.26688073394495415,"lowpass":0.45733944954128447},"s3_s14_Sputnik-Beep.wav":{"startTime":81157.55627009647,"volume":0.7072477064220182,"pan":0.445108218950762,"distort":0.5260550458715596,"lowpass":0.6362385321100921},"s4_crickets.wav":{"startTime":6666.666666666667,"volume":0.8677981651376148,"pan":0.35550458715596334,"distort":0.36550458715596335,"lowpass":0.7532110091743118},"s6_animals.wav":{"startTime":61000,"volume":0.011754911753390829,"pan":0.4861993617370781,"distort":0.9585524572639628,"lowpass":0.11220349636028137}}