{"s63_kpet":{"startTime":64666.666666666664,"volume":0.7339316024311933,"pan":0,"distort":0.39030589349551503,"lowpass":0.05172021367147428},"s95_sailormoon":{"startTime":113416.66666666667,"volume":0.8551628374338514,"pan":0.7755967135133077,"distort":0.8443586522605226,"lowpass":0.1575064685169515},"s111_J-Posthuma":{"startTime":50333.333333333336,"volume":0.5241526048949952,"pan":0.5747643914077885,"distort":0.09343059446384028,"lowpass":0.3080231122592685},"s112_pabloboe":{"startTime":67314.94920174165,"volume":0.1032909012991623,"pan":0.6676537093523849,"distort":0.43145114944618457,"lowpass":0.622849196016845},"s127_MorosePiano2.wav":{"startTime":0,"volume":0.002386220070994538,"pan":0.6518063267383387,"distort":0.8808456991099274,"lowpass":0.41549160238053195},"s138_ChRiStIaN":{"startTime":69583.33333333333,"volume":0.47510848630590563,"pan":0.32632023547903244,"distort":0.7608184015941848,"lowpass":0.7116904130967935},"s142_TEST_TOSHI.aif":{"startTime":0,"volume":0.12058861310794211,"pan":0.8404288364338868,"distort":0.7896810787794086,"lowpass":0.6895540568662137},"s145_bleat.wav":{"startTime":79416.66666666667,"volume":0.7526437326256521,"pan":0.071509034159281,"distort":0.641124040101269,"lowpass":0.08691842862535526},"s147_bae":{"startTime":82750,"volume":0.6738969158775854,"pan":0.39305602830210906,"distort":0.033009186547392266,"lowpass":0.4367709462257825},"s149_bae":{"startTime":74583.33333333333,"volume":0.1457520657162774,"pan":0.1188866492031595,"distort":0.09178552594072986,"lowpass":0.060362568074421974},"s150_bae":{"startTime":70406.25,"volume":0.8018379507261844,"pan":0.17362850492521897,"distort":0.6538700439300582,"lowpass":0.6803893246402666},"s160_brian":{"startTime":98583.33333333333,"volume":0.6022460829726338,"pan":0.800148061863746,"distort":0.36879257183760683,"lowpass":0.9347939046039766},"s162_squeeeeeeeqqq.wav":{"startTime":75833.33333333333,"volume":0.818875293353994,"pan":0.4845168626617322,"distort":0.2628476156386621,"lowpass":0.10189117739562037},"s164_uke":{"startTime":83.33333333333333,"volume":0.7455243496773907,"pan":0.1370020716560676,"distort":0.33798599367648086,"lowpass":0.15370653283962044},"s165_uke":{"startTime":74250,"volume":0.31378852418417214,"pan":0.726948079260646,"distort":0.6138059106612923,"lowpass":0.6014958316237966},"s168_bell_reversed.wav":{"startTime":34139.29040735874,"volume":0.6748309903616918,"pan":0.22876968979728418,"distort":0.1545670130262331,"lowpass":0.37160788459243443},"s173_christiaN":{"startTime":15166.666666666666,"volume":0.21946396774234067,"pan":0.8302768341456359,"distort":0.9386153221356306,"lowpass":0.5640916811842716},"s174_whatsthat.wav":{"startTime":50854.13929040736,"volume":0.7945553039984984,"pan":0.34574144501540793,"distort":0.5415331833810909,"lowpass":0.9583861981662776},"s175_christiaN":{"startTime":67833.33333333333,"volume":0.9066517532401455,"pan":0.8027612262707842,"distort":0.566114710295666,"lowpass":0.070450136889187},"s178_Raquel":{"startTime":92300.9495982469,"volume":0.7714219876668813,"pan":0.9889237855707527,"distort":0.7934453736499936,"lowpass":0.37569896415688286},"s179_christiaN":{"startTime":45937.5,"volume":0.311118591551228,"pan":0.9205656023192135,"distort":0.16292178998961926,"lowpass":0.48042890181450293},"s182_christiaN":{"startTime":55687.5,"volume":0.5996327575370499,"pan":0.35185195149579895,"distort":0.9773810646524796,"lowpass":0.854940948532017},"s184_shhhh.wav":{"startTime":91785.19593613934,"volume":0.9389350876625311,"pan":0.15149195961977624,"distort":0.2882213238417386,"lowpass":0.056985414231728315},"s186_christiaN":{"startTime":81857.7648766328,"volume":0.4889692739344079,"pan":0.015547248013312087,"distort":0.11654034548031378,"lowpass":0.6221339491867695},"s187_christiaN":{"startTime":111416.66666666667,"volume":0.6743534665445541,"pan":0.2606532018516965,"distort":0.51139623119894,"lowpass":0.5432920806445516},"s188_Raquel":{"startTime":54500,"volume":0.2140442458713866,"pan":0.5731070331043848,"distort":0.7921281456818319,"lowpass":0.020931883315215227},"s189_creature.wav":{"startTime":10643.88961892247,"volume":0.6500776052621923,"pan":0.976698972061044,"distort":0.08999857931946265,"lowpass":0.4700380156227264},"s192_bobobobo.wav":{"startTime":29172.141918528254,"volume":0.8682198023315835,"pan":0.2220012476229165,"distort":0.6898533857135916,"lowpass":0.510443561877078},"s194_Raquel":{"startTime":25666.666666666668,"volume":0.2888038026358638,"pan":0.6145772407469707,"distort":0.10285020361409525,"lowpass":0.6264597360848452},"s195_christiaN":{"startTime":59500,"volume":0.41571674987735985,"pan":0.2836377851369485,"distort":0.2723233095328814,"lowpass":0.07754055367335555},"s196_lowlow.wav":{"startTime":102666.66666666667,"volume":0.3927449619145661,"pan":0.8709319196251617,"distort":0.8711901582811719,"lowpass":0.9469671191752318},"s197_christiaN":{"startTime":3642.8571428571427,"volume":0.4161054450896867,"pan":0.3712512662570231,"distort":0.4003073751838572,"lowpass":0.4226664905226569},"s198_Raquel":{"startTime":75120.52593133674,"volume":0.25400460062206,"pan":0.5971114081144104,"distort":0.33707376688185375,"lowpass":0.4431045949333332},"s199_creature2.wav":{"startTime":43048.62023653088,"volume":0.43936746969728,"pan":0.6692819546805417,"distort":0.2867010597145607,"lowpass":0.16977633986714702},"s200_christiaN":{"startTime":70500,"volume":0.37020610209723814,"pan":0.870457576189708,"distort":0.7094673821143447,"lowpass":0.6727409099428545},"s201_tyuffg.wav":{"startTime":73000,"volume":0.7148340918851768,"pan":0.7635161518493545,"distort":0.37955719140646016,"lowpass":0.6731135910633745},"s202_the":{"startTime":10583.333333333334,"volume":0.5192629195339292,"pan":0.2641278898171906,"distort":0.6801919380434316,"lowpass":0.6768082682971637},"s204_to":{"startTime":46083.333333333336,"volume":0.6439620507602473,"pan":0.25002148634077437,"distort":0.8017361061162924,"lowpass":0.15138574503096658},"s205_of":{"startTime":25500,"volume":0.6129452544667771,"pan":0.8831623011473952,"distort":0.7583831236011944,"lowpass":0.7314832934387483},"s206_and":{"startTime":17000,"volume":0.49758995636277903,"pan":0.6036299444959312,"distort":0.5845258039745502,"lowpass":0.134502551188715},"s208_that":{"startTime":27250,"volume":0.6281601704281168,"pan":0.5150413987688023,"distort":0.5490619729031936,"lowpass":0.12695755802063702},"s209_you":{"startTime":0,"volume":0.8466339654738697,"pan":0.6428699924983201,"distort":0.3960032580915136,"lowpass":0.16440760153208855},"s210_with":{"startTime":48250,"volume":0.6564610386168773,"pan":0.5851040341894986,"distort":0.8186207536107524,"lowpass":0.7687930467509212},"s211_him":{"startTime":30250,"volume":0.6039405144938541,"pan":0.11524700096155494,"distort":0.11706640721995565,"lowpass":0.035594944558422936},"s212_her":{"startTime":35583.333333333336,"volume":0.5406115448548341,"pan":0.0030543866206249604,"distort":0.022719980040520893,"lowpass":0.01123524083326255},"s213_I":{"startTime":21333.333333333332,"volume":0.5878847424927669,"pan":0.1559713102657878,"distort":0.4982133299071356,"lowpass":0.4768787782882282},"s214_have":{"startTime":23583.333333333332,"volume":0.5924125629934265,"pan":0.826387095710754,"distort":0.654815761030352,"lowpass":0.8112210908440072},"s215_not":{"startTime":18750,"volume":0.6439992339717511,"pan":0.5493968904380488,"distort":0.2454553651630902,"lowpass":0.6247208259944654},"s216_loved":{"startTime":32750,"volume":0.5776087079393173,"pan":0.9572650636818167,"distort":0.2604979883409191,"lowpass":0.04986437940373656},"s217_hated":{"startTime":28666.666666666668,"volume":0.5769074518916157,"pan":0.9268533950034084,"distort":0.6155102683941984,"lowpass":0.9219357505636787},"s218_lonely":{"startTime":34750,"volume":0.7458314075633132,"pan":0.9411522814253237,"distort":0.9911840702958339,"lowpass":0.14401640443090624}}