{"s63_kpet":{"startTime":62062.5,"volume":0.7339316024311933,"pan":0.143312101910828,"distort":0.39030589349551503,"lowpass":0.05172021367147428},"s95_sailormoon":{"startTime":17500,"volume":0.8551628374338514,"pan":0.7755967135133077,"distort":0.3168357164807061,"lowpass":0.1575064685169515},"s111_J-Posthuma":{"startTime":25580.35714285714,"volume":0.5241526048949952,"pan":0.5747643914077885,"distort":0.23333885134457422,"lowpass":0.3080231122592685},"s112_pabloboe":{"startTime":40416.666666666664,"volume":0.1032909012991623,"pan":0.6676537093523849,"distort":0.7410841769691203,"lowpass":0.622849196016845},"s138_ChRiStIaN":{"startTime":4424.778761061947,"volume":0.830613073461869,"pan":0.32632023547903244,"distort":0.7959942809911698,"lowpass":0.7116904130967935},"s145_bleat.wav":{"startTime":9000,"volume":0.7526437326256521,"pan":0.071509034159281,"distort":0.4966286272572322,"lowpass":0.08691842862535526},"s147_bae":{"startTime":82750,"volume":0.6738969158775854,"pan":0.39305602830210906,"distort":0.033009186547392266,"lowpass":0.4367709462257825},"s149_bae":{"startTime":74583.33333333333,"volume":0.1457520657162774,"pan":0.1188866492031595,"distort":0.09178552594072986,"lowpass":0.060362568074421974},"s162_squeeeeeeeqqq.wav":{"startTime":20166.666666666668,"volume":0.818875293353994,"pan":0.4845168626617322,"distort":0.5105540376570108,"lowpass":0.10189117739562037},"s164_uke":{"startTime":833.3333333333334,"volume":0.747817927659042,"pan":0.1370020716560676,"distort":0.33798599367648086,"lowpass":0.15370653283962044},"s165_uke":{"startTime":70857.14285714286,"volume":0.8445052477336602,"pan":0.726948079260646,"distort":0.6138059106612923,"lowpass":0.7839062550765653},"s168_bell_reversed.wav":{"startTime":50558.03571428572,"volume":0.6748309903616918,"pan":0.22876968979728418,"distort":0.23884578125962042,"lowpass":0.37160788459243443},"s173_christiaN":{"startTime":69125,"volume":0.21946396774234067,"pan":0.8302768341456359,"distort":0.9386153221356306,"lowpass":0.33933598085853867},"s174_whatsthat.wav":{"startTime":56450.892857142855,"volume":0.7945553039984984,"pan":0.34574144501540793,"distort":0.560982129896488,"lowpass":0.9583861981662776},"s175_christiaN":{"startTime":67833.33333333333,"volume":0.9066517532401455,"pan":0.8027612262707842,"distort":0.566114710295666,"lowpass":0.070450136889187},"s178_Raquel":{"startTime":92300.9495982469,"volume":0.7714219876668813,"pan":0.9889237855707527,"distort":0.7934453736499936,"lowpass":0.37569896415688286},"s179_christiaN":{"startTime":47357.142857142855,"volume":0.7701629601519107,"pan":0.9205656023192135,"distort":0.16292178998961926,"lowpass":0.48042890181450293},"s182_christiaN":{"startTime":55687.5,"volume":0.5996327575370499,"pan":0.35185195149579895,"distort":0.9773810646524796,"lowpass":0.854940948532017},"s184_shhhh.wav":{"startTime":79750,"volume":0.9389350876625311,"pan":0.15149195961977624,"distort":0.4533589385206377,"lowpass":0.056985414231728315},"s186_christiaN":{"startTime":81857.7648766328,"volume":0.4889692739344079,"pan":0.015547248013312087,"distort":0.11654034548031378,"lowpass":0.6221339491867695},"s187_christiaN":{"startTime":111416.66666666667,"volume":0.6743534665445541,"pan":0.2606532018516965,"distort":0.51139623119894,"lowpass":0.5432920806445516},"s188_Raquel":{"startTime":54500,"volume":0.2140442458713866,"pan":0.5731070331043848,"distort":0.7921281456818319,"lowpass":0.020931883315215227},"s189_creature.wav":{"startTime":79000,"volume":0.6500776052621923,"pan":0.976698972061044,"distort":0.08999857931946265,"lowpass":0.7273670058507394},"s192_bobobobo.wav":{"startTime":29172.141918528254,"volume":0.8682198023315835,"pan":0.2220012476229165,"distort":0.6898533857135916,"lowpass":0.510443561877078},"s194_Raquel":{"startTime":25666.666666666668,"volume":0.2888038026358638,"pan":0.6145772407469707,"distort":0.10285020361409525,"lowpass":0.6264597360848452},"s195_christiaN":{"startTime":42333.333333333336,"volume":0.41571674987735985,"pan":0.2836377851369485,"distort":0.31131413522095475,"lowpass":0.07754055367335555},"s196_lowlow.wav":{"startTime":96991.15044247788,"volume":0.3927449619145661,"pan":0.8709319196251617,"distort":0.8561147813967498,"lowpass":0.9469671191752318},"s197_christiaN":{"startTime":23833.333333333332,"volume":0.4161054450896867,"pan":0.3712512662570231,"distort":0.4184370142046493,"lowpass":0.2125687706529501},"s198_Raquel":{"startTime":96656.25,"volume":0.25400460062206,"pan":0.5971114081144104,"distort":0.29359550601228857,"lowpass":0.4431045949333332},"s199_creature2.wav":{"startTime":12583.333333333334,"volume":0.43936746969728,"pan":0.6692819546805417,"distort":0.6210233191628496,"lowpass":0.16977633986714702},"s201_tyuffg.wav":{"startTime":31142.85714285714,"volume":0.7148340918851768,"pan":0.7635161518493545,"distort":0.840308044648781,"lowpass":0.5493350894347101}}