{"s2_s2.wav":{"startTime":68920.86330935251,"volume":0.47247706422018354,"pan":0.5252115781238886,"distort":0.4870642201834863,"lowpass":0.539908256880734},"s4_crickets.wav":{"startTime":44892.08633093525,"volume":0.38155963302752305,"pan":0.35550458715596334,"distort":0.7462385321100917,"lowpass":0.7348623853211008},"s7_belting.m4a":{"startTime":19712.230215827338,"volume":0.7988559825971874,"pan":0.6165630843732925,"distort":0.2687972172522629,"lowpass":0.3378884033024292},"s8_Boom_Clicks.m4a":{"startTime":6250,"volume":0.6201403767033213,"pan":0.03696009053970695,"distort":0.6104298253656248,"lowpass":0.127561502398992}}