{"s219_whittyboi":{"startTime":1616.1616161616162,"volume":0.8788828334968022,"pan":0.4278434163254996,"distort":0.00711578720668582,"lowpass":0.834115246807675}}