{"s2_s2.wav":{"startTime":72949.64028776978,"volume":0.42431192660550465,"pan":0.399064789133063,"distort":0.5260550458715596,"lowpass":0.8862385321100917},"s4_crickets.wav":{"startTime":59856.11510791367,"volume":0.5879816513761469,"pan":0.6490825688073394,"distort":0.7462385321100917,"lowpass":0.4527522935779815},"s7_belting.m4a":{"startTime":9640.287769784172,"volume":0.7988559825971874,"pan":0.6165630843732925,"distort":0.3559531805550151,"lowpass":0.5855948253207779},"s8_Boom_Clicks.m4a":{"startTime":6250,"volume":0.6201403767033213,"pan":0.03696009053970695,"distort":0.6104298253656248,"lowpass":0.127561502398992}}