{"s220_NPC":{"startTime":65062.5,"volume":0.5447420410903252,"pan":0.6453023309238857,"distort":0.7116121348282998,"lowpass":0.2723387054772928},"s221_whittyboi":{"startTime":0,"volume":0.4595436398749486,"pan":0.14888216092077466,"distort":0.6552456561612912,"lowpass":0.9781095365873098},"s223_Gavin":{"startTime":0,"volume":0.6337751168048258,"pan":0.5149644814613317,"distort":0.6617826859022071,"lowpass":0.0839101373077702}}