{"s239_Eric":{"startTime":102285.71428571429,"volume":0.5331083116519297,"pan":0.2949861040060471,"distort":0.49294072073089357,"lowpass":0.6518222405133629},"s240_Eric":{"startTime":75083.33333333333,"volume":0.6208264253070703,"pan":0.5983561497843604,"distort":0.039183015982418024,"lowpass":0.4593486693441945},"s246_brian":{"startTime":73928.57142857143,"volume":0.715105024574533,"pan":0.5930476249790045,"distort":0.7577305235776275,"lowpass":0.4940028302115932},"s247_NPC":{"startTime":87500,"volume":0.4038890638761673,"pan":0.3633225518538863,"distort":0.07603708938667486,"lowpass":0.26839464978737704},"s255_Eric":{"startTime":88416.66666666667,"volume":0.6325578482637693,"pan":0.5608423743883182,"distort":0.9971535754420262,"lowpass":0.7385510867112279},"s257_NPC":{"startTime":82500,"volume":0.30063923561797323,"pan":0.1739245651363086,"distort":0.909681303960377,"lowpass":0.33104962895100276},"s264_Annie":{"startTime":113531.25,"volume":0.6233571052203428,"pan":0.885492930191888,"distort":0.3336702895083674,"lowpass":0.728026655221742},"s270_Eric":{"startTime":107070.70707070707,"volume":0.8515888807815658,"pan":0.9901551737840546,"distort":0.7411525498933043,"lowpass":0.4384378069005157},"s273_Annie":{"startTime":57166.666666666664,"volume":0.4985500869365658,"pan":0.33552964463142954,"distort":0.5258501177502799,"lowpass":1},"s279_Annie":{"startTime":72750,"volume":0.9210408839856532,"pan":0.5366997622358782,"distort":0.7974837639115302,"lowpass":0.6260363486503624},"s284_Gavin":{"startTime":28125,"volume":0.05285054001410061,"pan":0.6094324221804288,"distort":0.8762716504041632,"lowpass":0.8340653971934335},"s286_Gavin":{"startTime":43031.25,"volume":0.08213885336312521,"pan":0.003321154033542495,"distort":0.5166633294659579,"lowpass":0.717566156380627},"s291_Annie":{"startTime":0,"volume":0.30052100284079275,"pan":0.04690922348791804,"distort":0.3899663850756514,"lowpass":0.12632647878525205},"s292_Annie":{"startTime":0,"volume":0.25364732901847065,"pan":0.13772025889275818,"distort":0.5637072268319139,"lowpass":0.5825315649580243},"s293_brian":{"startTime":71083.33333333333,"volume":0.3746290310495045,"pan":0.5885397482812567,"distort":0.13705205316264646,"lowpass":0.30119049206739645},"s295_Annie":{"startTime":19593.75,"volume":0.12826415220836296,"pan":0.37758772839338084,"distort":0.7187428154602786,"lowpass":0.5487054697947709},"s296_Jonathan":{"startTime":34687.5,"volume":0.652306534044719,"pan":0.3066613311054158,"distort":0.9160234509052787,"lowpass":0.3310354715613729},"s297_Gavin":{"startTime":15916.666666666666,"volume":0.6144271198918413,"pan":0.3309717285665259,"distort":0.5543945146591409,"lowpass":0.677090254799565},"s298_brian":{"startTime":87333.33333333333,"volume":0.1911601261198813,"pan":0.709030735883269,"distort":0.5770972325439716,"lowpass":0.26484351137235373},"s299_NPC":{"startTime":112406.25,"volume":0.56717513762066,"pan":0.35679511437038514,"distort":0.5807369419710369,"lowpass":0.3003382101293357},"s301_Annie":{"startTime":58031.25,"volume":0.5358326221177963,"pan":0.7008157683456733,"distort":0.05778011512561143,"lowpass":0.07757593998661827},"s308_Jonathan":{"startTime":88728.58431018936,"volume":0.5733626662424873,"pan":0.31527457125228187,"distort":0.6298328532871693,"lowpass":0.7262973484713491},"s309_NPC":{"startTime":97968.75,"volume":0.47485839649790595,"pan":0.5658141161507224,"distort":0.48022735562780317,"lowpass":0.386092068255515},"s315_NPC":{"startTime":97777.77777777778,"volume":0.6276676246930963,"pan":0.6343228873431472,"distort":0.40273329165403293,"lowpass":0.4249275520907396},"s319_Annie":{"startTime":44416.666666666664,"volume":0.9623028390319268,"pan":0.32170842360751073,"distort":0.16678124787774218,"lowpass":0.8300186625540631},"s321_NPC":{"startTime":95906.25,"volume":0.007371574417800786,"pan":0.13425362939318175,"distort":0.9284963512216207,"lowpass":0.10727498894565857},"s325_Gavin":{"startTime":17416.666666666668,"volume":0.7119733164000424,"pan":0.868031174341217,"distort":0.3071566454979633,"lowpass":0.30446641625483084},"s326_Eric":{"startTime":45757.57575757576,"volume":0.8769465432994337,"pan":0.22151512151467845,"distort":0.34694932313014903,"lowpass":0.377921939296034},"s329_Rhythmio":{"startTime":69269.79246733282,"volume":0.1542508077427276,"pan":0.5165939329619496,"distort":0.7555525721052176,"lowpass":0.6161886271623898},"s332_Eric":{"startTime":20583.333333333332,"volume":0.2479839885442494,"pan":0.8210538863749479,"distort":0.8034850493899215,"lowpass":0.40917092729919013},"s335_Rhythmio":{"startTime":64833.333333333336,"volume":0.6883351399472238,"pan":0.2063512153038407,"distort":0.5122361266302808,"lowpass":0.42830608521702107},"s340_Rhythmio":{"startTime":11990.77632590315,"volume":0.37705947143881924,"pan":0.4198966325925608,"distort":0.6574084546095087,"lowpass":0.14647637600622931},"s341_am_Peaceful.wav":{"startTime":105333.33333333333,"volume":0.8744496592648456,"pan":0.7822239068774446,"distort":0.05902858033487102,"lowpass":0.9675051836226438},"s342_grak":{"startTime":11083.333333333334,"volume":0.7224338641254111,"pan":0.9518574039209358,"distort":0.4937952961243486,"lowpass":0.8546573329061236},"s344_Annie":{"startTime":0,"volume":0.03425501394888908,"pan":0.683946229102181,"distort":0.037298522132465095,"lowpass":0.6362563392515135},"s345_Rhythmio":{"startTime":2666.6666666666665,"volume":0.5876250119382167,"pan":0.9247302143155778,"distort":0.6687783374681622,"lowpass":0.3726533767331104},"s347_Eric":{"startTime":33666.666666666664,"volume":0.32140102932600745,"pan":0.14985028120954924,"distort":0.3688840813097486,"lowpass":0.4641084657355733},"s348_NPC":{"startTime":13916.666666666666,"volume":0.34459197115025586,"pan":0.920835184866112,"distort":0.13750750393977107,"lowpass":0.5055926190226148},"s350_Annie":{"startTime":0,"volume":0.5477820710435508,"pan":0.38213896355262444,"distort":0.2681246592165851,"lowpass":0.8953872622369201},"s353_Rhythmio":{"startTime":80739.54983922829,"volume":0.9237390238854963,"pan":0.6980630937820491,"distort":0.3088751682569959,"lowpass":0.7629548604442007},"s358_Knuckles_long_8.mp3":{"startTime":10000,"volume":0.46850366383459296,"pan":0.7170190137579351,"distort":0.6594454727024626,"lowpass":0.9972457737105012},"s360_Gavin":{"startTime":86083.33333333333,"volume":0.7190917754405668,"pan":0.04954544924975468,"distort":0.12374056960104407,"lowpass":0.757767537142064},"s361_NPC":{"startTime":102187.5,"volume":0.9116645361165021,"pan":0.9492958400495088,"distort":0.419469002171694,"lowpass":0.9265251706089228},"s362_Jonathan":{"startTime":73392.85714285714,"volume":0.4641212038740955,"pan":0.8505057917905336,"distort":0.9660739118233846,"lowpass":0.41425093222402287},"s363_Annie":{"startTime":83531.25,"volume":0.628928880973399,"pan":0.656538175010877,"distort":0.7734778891630776,"lowpass":0},"s364_NPC":{"startTime":61083.333333333336,"volume":0.4341752449291534,"pan":0.2729034292293262,"distort":0.6446362229940186,"lowpass":0.851544074145912},"s365_brian":{"startTime":56430.86816720257,"volume":0.6252151542982223,"pan":0.9658838947050933,"distort":0.6926500566934763,"lowpass":0.1235733767990248},"s368_Annie":{"startTime":30562.5,"volume":0.7243058528490678,"pan":0.5557918600745593,"distort":0.45727673275626013,"lowpass":0.6196874655626383},"s370_Benji":{"startTime":58250,"volume":0.16117741469218227,"pan":0.9826099806213144,"distort":0.8884902201473752,"lowpass":0.9468984504340492},"s371_Gavin":{"startTime":9083.333333333334,"volume":0.5553373420877528,"pan":0.35217452560092166,"distort":0.5599716267418966,"lowpass":0.21737771742022738},"s374_brian":{"startTime":37666.666666666664,"volume":0.5468683310294042,"pan":0.834281786714826,"distort":0.9787069069355292,"lowpass":0.09825542113804375},"s375_NPC":{"startTime":1916.6666666666667,"volume":0.3830984956980704,"pan":0.2601956468417812,"distort":0.2985996145470269,"lowpass":0.6308452708512715},"s376_Annie":{"startTime":42656.25,"volume":0.8030012997898945,