{"s2_s2.wav":{"startTime":7482.014388489209,"volume":0.44036697247706424,"pan":0.4403491928027877,"distort":0.3586238532110092,"lowpass":0.8472477064220183},"s4_crickets.wav":{"startTime":20287.769784172662,"volume":0.5879816513761469,"pan":0.6490825688073394,"distort":0.7462385321100917,"lowpass":0.3954128440366972},"s7_belting.m4a":{"startTime":6906.474820143885,"volume":0.7529844229641598,"pan":0.5362878550154945,"distort":0.5554944649586848,"lowpass":0.6498150088070164},"s8_Boom_Clicks.m4a":{"startTime":60143.88489208633,"volume":0.34032386294185346,"pan":0.36723531989750513,"distort":0.6264848712371844,"lowpass":0.127561502398992}}