{"s239_Eric":{"startTime":102285.71428571429,"volume":0.5331083116519297,"pan":0.2949861040060471,"distort":0.49294072073089357,"lowpass":0.6518222405133629},"s240_Eric":{"startTime":1218.75,"volume":0.3455970675089052,"pan":0.5983561497843604,"distort":0.039183015982418024,"lowpass":0.4593486693441945},"s244_Gavin":{"startTime":50714.28571428572,"volume":0.3821337000647047,"pan":0.2597215255883949,"distort":0.06058050863374931,"lowpass":0.78511361805556},"s245_Jonathan":{"startTime":105887.77863182168,"volume":0.4076874718447435,"pan":0.8360981647729636,"distort":0.33963294540288524,"lowpass":0.492762107311008},"s246_brian":{"startTime":73928.57142857143,"volume":0.715105024574533,"pan":0.5930476249790045,"distort":0.7577305235776275,"lowpass":0.4940028302115932},"s247_NPC":{"startTime":6142.857142857143,"volume":0.2708615409403875,"pan":0.3633225518538863,"distort":0.07603708938667486,"lowpass":0.26839464978737704},"s255_Eric":{"startTime":88416.66666666667,"volume":0.6325578482637693,"pan":0.5608423743883182,"distort":0.9971535754420262,"lowpass":0.7385510867112279},"s257_NPC":{"startTime":82500,"volume":0.30063923561797323,"pan":0.1739245651363086,"distort":0.909681303960377,"lowpass":0.33104962895100276},"s264_Annie":{"startTime":65062.5,"volume":0.6233571052203428,"pan":0.885492930191888,"distort":0.3336702895083674,"lowpass":0.17388652783320713},"s266_Eric":{"startTime":90583.33333333333,"volume":0.8956233941049744,"pan":0.9620485767971012,"distort":0.9294709777578833,"lowpass":0.7361900059335309},"s267_Gavin":{"startTime":20000,"volume":0.4967818708870535,"pan":0.7819336640864345,"distort":0.9817001495179658,"lowpass":0.20429064603505243},"s270_Eric":{"startTime":107070.70707070707,"volume":0.8515888807815658,"pan":0.9901551737840546,"distort":0.7411525498933043,"lowpass":0.4384378069005157},"s273_Annie":{"startTime":57166.666666666664,"volume":0.4985500869365658,"pan":0.33552964463142954,"distort":0.5258501177502799,"lowpass":1},"s279_Annie":{"startTime":72750,"volume":0.9210408839856532,"pan":0.5366997622358782,"distort":0.7974837639115302,"lowpass":0.6260363486503624},"s284_Gavin":{"startTime":28125,"volume":0.05285054001410061,"pan":0.6094324221804288,"distort":0.8762716504041632,"lowpass":0.8340653971934335},"s286_Gavin":{"startTime":43031.25,"volume":0.08213885336312521,"pan":0.003321154033542495,"distort":0.5166633294659579,"lowpass":0.717566156380627},"s291_Annie":{"startTime":0,"volume":0.30052100284079275,"pan":0.04690922348791804,"distort":0.3899663850756514,"lowpass":0.12632647878525205},"s292_Annie":{"startTime":0,"volume":0.25364732901847065,"pan":0.13772025889275818,"distort":0.5637072268319139,"lowpass":0.5825315649580243},"s293_brian":{"startTime":71083.33333333333,"volume":0.3746290310495045,"pan":0.5885397482812567,"distort":0.13705205316264646,"lowpass":0.30119049206739645},"s295_Annie":{"startTime":19593.75,"volume":0.12826415220836296,"pan":0.37758772839338084,"distort":0.7187428154602786,"lowpass":0.5487054697947709},"s296_Jonathan":{"startTime":34687.5,"volume":0.652306534044719,"pan":0.3066613311054158,"distort":0.9160234509052787,"lowpass":0.3310354715613729},"s297_Gavin":{"startTime":15916.666666666666,"volume":0.6144271198918413,"pan":0.3309717285665259,"distort":0.5543945146591409,"lowpass":0.677090254799565},"s298_brian":{"startTime":87333.33333333333,"volume":0.1911601261198813,"pan":0.709030735883269,"distort":0.5770972325439716,"lowpass":0.26484351137235373},"s299_NPC":{"startTime":112406.25,"volume":0.56717513762066,"pan":0.35679511437038514,"distort":0.5807369419710369,"lowpass":0.3003382101293357},"s301_Annie":{"startTime":58031.25,"volume":0.5358326221177963,"pan":0.7008157683456733,"distort":0.05778011512561143,"lowpass":0.07757593998661827},"s308_Jonathan":{"startTime":88728.58431018936,"volume":0.5733626662424873,"pan":0.31527457125228187,"distort":0.6298328532871693,"lowpass":0.7262973484713491},"s309_NPC":{"startTime":97968.75,"volume":0.47485839649790595,"pan":0.5658141161507224,"distort":0.48022735562780317,"lowpass":0.386092068255515},"s314_Annie":{"startTime":115250,"volume":0.05380370302617521,"pan":0.9458446240706535,"distort":0.3348468625279669,"lowpass":0.8645577788804037},"s315_NPC":{"startTime":8906.25,"volume":0.17115004059523709,"pan":0.6343228873431472,"distort":0.40273329165403293,"lowpass":0.4249275520907396},"s316_Gavin":{"startTime":32156.25,"volume":0.7849893051797974,"pan":0.7552656676622109,"distort":0.9617619876635657,"lowpass":0.5411427899974415},"s319_Annie":{"startTime":44416.666666666664,"volume":0.9623028390319268,"pan":0.32170842360751073,"distort":0.16678124787774218,"lowpass":0.8300186625540631},"s320_Jonathan":{"startTime":46487.31744811683,"volume":0.6474362813188765,"pan":0.38164825607841435,"distort":0.8084185887220714,"lowpass":0.08994122938538052},"s321_NPC":{"startTime":95906.25,"volume":0.007371574417800786,"pan":0.13425362939318175,"distort":0.9284963512216207,"lowpass":0.10727498894565857},"s325_Gavin":{"startTime":17416.666666666668,"volume":0.7119733164000424,"pan":0.868031174341217,"distort":0.3071566454979633,"lowpass":0.30446641625483084},"s326_Eric":{"startTime":45757.57575757576,"volume":0.8769465432994337,"pan":0.22151512151467845,"distort":0.34694932313014903,"lowpass":0.377921939296034},"s329_Rhythmio":{"startTime":65580.32282859339,"volume":0.14627208433847227,"pan":0.5165939329619496,"distort":0.7555525721052176,"lowpass":0.6161886271623898},"s331_Rhythmio":{"startTime":95649.50038431975,"volume":0.3336550000183012,"pan":0.7726782095282709,"distort":0.5993712121820984,"lowpass":0.8685141219330463},"s332_Eric":{"startTime":20583.333333333332,"volume":0.2479839885442494,"pan":0.8210538863749479,"distort":0.8034850493899215,"lowpass":0.40917092729919013},"s333_Rhythmio":{"startTime":43720.21521906226,"volume":0.5603880753769093,"pan":0.4595565813862106,"distort":0.5978965454109599,"lowpass":0.3931210674524841},"s335_Rhythmio":{"startTime":8209.069946195234,"volume":0.536958993158233,"pan":0.2063512153038407,"distort":0.5122361266302808,"lowpass":0.42830608521702107},"s336_Annie":{"startTime":25406.25,"volume":0.8699021563898033,"pan":0.05513813065128381,"distort":0.31066569177817893,"lowpass":0.6623528907816905},"s337_Annie":{"startTime":49312.5,"volume":0.9207241599158056,"pan":0,"distort":0.1099689347078634,"lowpass":0.8460364910779445},"s339_brian":{"startTime":40083.333333333336,"volume":0.8878032972959617,"pan":0.896719639975067,"distort":0.7761969648726628,"lowpass":0.9019835616863336},"s340_Rhythmio":{"startTime":11990.77632590315,"volume":0.37705947143881924,"pan":0.4198966325925608,"distort":0.6574084546095087,"lowpass":0.14647637600622931},"s341_am_Peaceful.wav":{"startTime":104780.93774019985,"volume":0.1805410027947899,"pan":0.7822239068774446,"distort":0.05902858033487102,"lowpass":0.9675051836226438},"s342_grak":{"startTime":0,"volume":0.6490393687125671,"pan":0.9518574039209358,"distort":0.4937952961243486,"lowpass":0.8546573329061236},"s344_Annie":{"startTime":0,"volume":0.03425501394888908,"pan":0.683946229102181,"distort":0.037298522132465095,"lowpass":0.6362563392515135},"s345_Rhythmio":{"startTime":0,"volume":0.03257914037858378,"pan":0.9247302143155778,"distort":0.6687783374681622,"lowpass":0.3726533767331104},"s347_Eric":{"startTime":20606.060606060608,"volume":0.3443368091425213,"pan":0.14985028120954924,"distort":0.3688840813097486,"lowpass":0.7852093831667659},"s348_NPC":{"startTime":13687.5,"volume":0.8285369252786963,"pan":0.920835184866112,"distort":0.13750750393977107,"lowpass":0.5055926190226148},"s349_Benji":{"startTime":28083.333333333332,"volume":0.39865325902722504,"pan":0.5751044104949781,"distort":0.5612446645628331,"lowpass":0.5257284166320719},"s350_Annie":{"startTime":0,"volume":0.5477820710435508,"pan":0.38213896355262444,"distort":0.2681246592165851,"lowpass":0.8953872622369201},"s353_Rhythmio":{"startTime":95372.79016141429,"volume":0.7867881194927315,"pan":0.6980630937820491,"distort":0.3088751682569959,