{"s239_Eric":{"startTime":4646.464646464647,"volume":0.6218455130171174,"pan":0.2949861040060471,"distort":0.49294072073089357,"lowpass":0.6518222405133629},"s240_Eric":{"startTime":1218.75,"volume":0.3455970675089052,"pan":0.5983561497843604,"distort":0.039183015982418024,"lowpass":0.4593486693441945},"s241_NPC":{"startTime":0,"volume":0.7630693714420047,"pan":0.13337452663826022,"distort":0.7804658328822609,"lowpass":0.812482256500072},"s242_Annie":{"startTime":6767.676767676768,"volume":0.7850883131791702,"pan":0.07125444509106571,"distort":0.3702450225852627,"lowpass":0.946319667376861},"s243_brian":{"startTime":7250,"volume":0.8632308768401724,"pan":0.44773034571119474,"distort":0.4693045421859583,"lowpass":0.4711912445288352},"s244_Gavin":{"startTime":50714.28571428572,"volume":0.3821337000647047,"pan":0.2597215255883949,"distort":0.06058050863374931,"lowpass":0.78511361805556},"s245_Jonathan":{"startTime":7272.727272727273,"volume":0.7766875444611111,"pan":0.9763966722356502,"distort":0.33963294540288524,"lowpass":0.492762107311008},"s246_brian":{"startTime":404.04040404040404,"volume":0.715105024574533,"pan":0.5930476249790045,"distort":0.7577305235776275,"lowpass":0.4940028302115932},"s247_NPC":{"startTime":6142.857142857143,"volume":0.2708615409403875,"pan":0.3633225518538863,"distort":0.07603708938667486,"lowpass":0.26839464978737704},"s248_Annie":{"startTime":5156.25,"volume":0.4669328673616846,"pan":0.6925659617735923,"distort":0.7176473701308266,"lowpass":0.6258694387080641},"s249_Gavin":{"startTime":4242.424242424242,"volume":0.6574771878642953,"pan":0.8018614344021162,"distort":0.7986531356123078,"lowpass":0.8644778564261166},"s250_brian":{"startTime":1212.121212121212,"volume":0.7936376600420032,"pan":0.8613127221303851,"distort":0.00210608137886914,"lowpass":0.6210877099376206},"s251_Jonathan":{"startTime":3232.3232323232323,"volume":0.8667935481176845,"pan":0.8292452029934836,"distort":0.6326656232121703,"lowpass":0.07687399243680582},"s252_Annie":{"startTime":468.75,"volume":0.7514012119840296,"pan":0.4757094234060567,"distort":0.83425419408295,"lowpass":0.051875787346782776},"s253_brian":{"startTime":3785.714285714286,"volume":0.5394296404144303,"pan":0.4180907369241267,"distort":0.8415063129645872,"lowpass":0.7019637401409651},"s254_Gavin":{"startTime":48142.857142857145,"volume":0.741848058569643,"pan":0.10532940026013149,"distort":0.013818035191151656,"lowpass":0.7164477194706693},"s255_Eric":{"startTime":6868.686868686868,"volume":1,"pan":0.5608423743883182,"distort":0.6143410754420262,"lowpass":0.7385510867112279},"s256_Jonathan":{"startTime":9494.949494949495,"volume":0.8915282139464837,"pan":0.0070169966251377724,"distort":0.546022253607547,"lowpass":0.19721832356103575},"s257_NPC":{"startTime":1312.5,"volume":0.41838667589101075,"pan":0.1739245651363086,"distort":0.909681303960377,"lowpass":0.33104962895100276},"s258_Eric":{"startTime":1500,"volume":0.9290561571428202,"pan":0.6866521999320933,"distort":0.8848119995271273,"lowpass":0.20749943156543216},"s259_brian":{"startTime":0,"volume":0.8457365600042972,"pan":0.9544573350786081,"distort":0.8169711287778825,"lowpass":0.564630185005412},"s260_Annie":{"startTime":8928.57142857143,"volume":0.34564953731191306,"pan":0.17853578285335703,"distort":0.9659750551288555,"lowpass":0.31666922181510293},"s261_Gavin":{"startTime":53500,"volume":0.6231491570000856,"pan":0.29338306333173614,"distort":0.9276148880259427,"lowpass":0.8266965590148847}}