{"s2_s2.wav":{"startTime":7482.014388489209,"volume":0.44036697247706424,"pan":0.4403491928027877,"distort":0.3586238532110092,"lowpass":0.8472477064220183},"s21_Prepared_ArcoSafetyPin_D_01.wav":{"startTime":22500,"volume":0.6094732689170084,"pan":0.3983101377255641,"distort":0,"lowpass":0.9726138434486306},"s24_Tabes B":{"startTime":0,"volume":0.167253616358068,"pan":0.8664894499126139,"distort":0.5912572594238257,"lowpass":0.9595981534348428},"s25_Tabes B":{"startTime":0,"volume":0.3886045224776138,"pan":0.22121568696902694,"distort":0.24131386266630583,"lowpass":0.40899794447476223},"s26_Tabes B":{"startTime":0,"volume":0.3023938511224131,"pan":0.327665935290657,"distort":0.709534009533505,"lowpass":0.10891878495662533},"s33_Pizz_A4_01.wav":{"startTime":27083.333333333332,"volume":0.9798887107406675,"pan":0.30454974070681384,"distort":0.9046295198862636,"lowpass":0.4141770447632567},"s35_slidy bit 2.wav":{"startTime":0,"volume":0.7299174921556792,"pan":0.4481547323198718,"distort":0.009486173301982648,"lowpass":0.6522962852235488},"s37_thp.wav":{"startTime":31054.59985041137,"volume":0.9527758680295718,"pan":0.21474010578018654,"distort":0.026490043997808854,"lowpass":0.36289350586934077},"s46_RainStick":{"startTime":49785.71428571428,"volume":0.4773931899267998,"pan":0.0965738643840457,"distort":0.5398154748065216,"lowpass":0.43315535849455145},"s47_RainStick":{"startTime":69937.5,"volume":0.5392584938426785,"pan":0.9491237636191729,"distort":0.3608903387075513,"lowpass":0.7692780990432109},"s53_MelodicaJabs":{"startTime":107986.11111111111,"volume":0.2639692759729443,"pan":0.3865160918136924,"distort":0.8023572106121055,"lowpass":0.24751498589494436},"s62_fl1.m4a":{"startTime":15290.322580645161,"volume":0.4128704263734726,"pan":0.15931193078556827,"distort":0.3661542281110417,"lowpass":0.16414907104598853},"s63_kpet":{"startTime":23000,"volume":0.3107234113049133,"pan":0.007912685194744862,"distort":0.39030589349551503,"lowpass":0.6021789292678046},"s72_Julia":{"startTime":111774.19354838709,"volume":0.29865969771276424,"pan":0.3070630736686709,"distort":0.5460942234377768,"lowpass":0.338976892486635},"s77_Julia":{"startTime":43031.25,"volume":0.6854972328480153,"pan":0.07500966910989826,"distort":0.49937726530951676,"lowpass":0.805580406079909},"s81_J-Posthuma":{"startTime":83250,"volume":0.28726227397563997,"pan":0.11838472664946653,"distort":0.4071712967636152,"lowpass":0.4368100272447909},"s82_Julia":{"startTime":103548.3870967742,"volume":0.8584501608726626,"pan":0.4169999121736041,"distort":0.2901667188022088,"lowpass":0.7829164991321043},"s93_beeps.wav":{"startTime":0,"volume":0.610710445788194,"pan":0.8841551798596097,"distort":0.4263399928547249,"lowpass":0.5922712203686291},"s95_sailormoon":{"startTime":2196.193265007321,"volume":0.626656199046647,"pan":0.7755967135133077,"distort":0.8443586522605226,"lowpass":0.1575064685169515},"s97_Julian":{"startTime":106968.75,"volume":0.1969423111389682,"pan":0.8900472702382117,"distort":0.3436171003544357,"lowpass":0.873771343698722},"s98_pabloboe":{"startTime":41562.5,"volume":0.3948020264105404,"pan":0.49949864427037793,"distort":0.8708360584076213,"lowpass":0.5419553721112533},"s100_Shosh":{"startTime":101333.33333333333,"volume":0.15651114011765288,"pan":0.21938672092026024,"distort":0.16842246278027573,"lowpass":0.9400936584424016},"s104_pabloboe":{"startTime":74500,"volume":0.07622214231620972,"pan":0.2755700625966011,"distort":0.019772924496387345,"lowpass":0.5676053715193303},"s105_Tabes":{"startTime":38785.71428571428,"volume":0.7809996326465475,"pan":0.43676758291993867,"distort":0.2901214456746529,"lowpass":0.005265425040337446},"s108_Julia":{"startTime":38928.57142857143,"volume":0.8643930920448992,"pan":0.21573361090106902,"distort":0.054270910803496886,"lowpass":0.32170778581711734},"s109_pabloboe":{"startTime":65437.5,"volume":0.9873499430146839,"pan":0.13097304809822785,"distort":0.4631867783265947,"lowpass":0.3400425063977014},"s110_Tabes":{"startTime":0,"volume":0.6901781189052001,"pan":0.3229248247076242,"distort":0.3131059045616993,"lowpass":0.9335316328641339},"s111_J-Posthuma":{"startTime":91625,"volume":0.23575670045813502,"pan":0.5747643914077885,"distort":0.09343059446384028,"lowpass":0.3080231122592685},"s112_pabloboe":{"startTime":78687.5,"volume":0.255264174384775,"pan":0.7478584875093814,"distort":0.43145114944618457,"lowpass":0.6357357939549892},"s123_MorosePiano1.wav":{"startTime":33000,"volume":0.1987463177728721,"pan":0.14578140174826304,"distort":0.2401222840063928,"lowpass":0.8435672297441739}}