{"s2_s2.wav":{"startTime":17333.333333333332,"volume":0.47247706422018354,"pan":0.5252115781238886,"distort":0.4870642201834863,"lowpass":0.7279816513761468},"s3_s14_Sputnik-Beep.wav":{"startTime":20833.333333333332,"volume":0.7875229357798164,"pan":0.445108218950762,"distort":0.723302752293578,"lowpass":0.5582568807339453},"s4_crickets.wav":{"startTime":25875,"volume":0.38155963302752305,"pan":0.35550458715596334,"distort":0.5306422018348624,"lowpass":0.6981651376146788},"s7_belting.m4a":{"startTime":61000,"volume":0.5305073587439764,"pan":0.6165630843732925,"distort":0.2687972172522629,"lowpass":0.3034847335776586}}