{"s63_kpet":{"startTime":64666.666666666664,"volume":0.7339316024311933,"pan":0,"distort":0.39030589349551503,"lowpass":0.05172021367147428},"s95_sailormoon":{"startTime":54500,"volume":0.4308509108283468,"pan":0.7755967135133077,"distort":0.8443586522605226,"lowpass":0.1575064685169515},"s111_J-Posthuma":{"startTime":52250,"volume":0.5746113204913255,"pan":0.5747643914077885,"distort":0.09343059446384028,"lowpass":0.3080231122592685},"s112_pabloboe":{"startTime":67314.94920174165,"volume":0.1032909012991623,"pan":0.6676537093523849,"distort":0.43145114944618457,"lowpass":0.622849196016845},"s127_MorosePiano2.wav":{"startTime":0,"volume":0.002386220070994538,"pan":0.6518063267383387,"distort":0.8808456991099274,"lowpass":0.41549160238053195},"s138_ChRiStIaN":{"startTime":27666.666666666668,"volume":0.6008293251001389,"pan":0.32632023547903244,"distort":0.7608184015941848,"lowpass":0.7116904130967935},"s141_":{"startTime":0,"volume":0.3332664249592907,"pan":0.22899873969592321,"distort":0.2593091939006211,"lowpass":0.7752147608152462},"s142_TEST_TOSHI.aif":{"startTime":0,"volume":0.12058861310794211,"pan":0.8404288364338868,"distort":0.7896810787794086,"lowpass":0.6895540568662137},"s143_Freeze_6-5-splash_piano_1_[2020-05-15_162628].wav.asd":{"startTime":0,"volume":0.27025428391295025,"pan":0.7757392168266328,"distort":0.5818028558441302,"lowpass":0.581163498865584},"s144_Can_anyone_hear_me?.m4a":{"startTime":0,"volume":0.9233285097460016,"pan":0.41480708991105075,"distort":0.06332177964593177,"lowpass":0.8634657445531762},"s145_bleat.wav":{"startTime":79416.66666666667,"volume":0.7526437326256521,"pan":0.071509034159281,"distort":0.641124040101269,"lowpass":0.08691842862535526},"s146_bae":{"startTime":34250,"volume":0.455744379294986,"pan":0.398847581452468,"distort":0.21490273042684116,"lowpass":0.4028020391047672},"s147_bae":{"startTime":75317.86074672049,"volume":0.06043838692609871,"pan":0.39305602830210906,"distort":0.033009186547392266,"lowpass":0.4367709462257825},"s149_bae":{"startTime":74583.33333333333,"volume":0.1457520657162774,"pan":0.1188866492031595,"distort":0.09178552594072986,"lowpass":0.060362568074421974},"s150_bae":{"startTime":69166.66666666667,"volume":0.37326652215475575,"pan":0.17362850492521897,"distort":0.6538700439300582,"lowpass":0.6803893246402666},"s151_Raquel":{"startTime":88083.33333333333,"volume":0.5853776633561513,"pan":0.5609159599828413,"distort":0.17795689046824958,"lowpass":0.6804368552546414},"s153_brian":{"startTime":34500,"volume":0.038962914935390947,"pan":0.3806681897456572,"distort":0.45692222364699253,"lowpass":0.26177744126551383},"s155_brian_talking.wav":{"startTime":18461.53846153846,"volume":0.8485373879301386,"pan":0.6153376711561289,"distort":0.20034932147633566,"lowpass":0.2703874851555478},"s156_christiaN":{"startTime":85218.75,"volume":0.342302033464967,"pan":0.9655637025403798,"distort":0.036139224913851464,"lowpass":0.07816194483406291},"s158_brian_transformedwav.wav":{"startTime":100406.38606676343,"volume":0.6315354981191112,"pan":0.39678486404064106,"distort":0.4472583330423403,"lowpass":0.5437464122279136},"s159_christiaN":{"startTime":35250,"volume":0.22728398983520892,"pan":0.8727462848684246,"distort":0.3008683029168895,"lowpass":0.0972810436775855},"s160_brian":{"startTime":80083.33333333333,"volume":0.2300639073500912,"pan":0.800148061863746,"distort":0.5155502510184942,"lowpass":0.9347939046039766},"s162_squeeeeeeeqqq.wav":{"startTime":2583.3333333333335,"volume":0.19043492638151693,"pan":0.4845168626617322,"distort":0.2628476156386621,"lowpass":0.10189117739562037},"s163_christiaN":{"startTime":82119.01306240929,"volume":0.12001092800976121,"pan":0.9016472315743109,"distort":0.8663897595123311,"lowpass":0.9715257788576515},"s164_uke":{"startTime":62583.333333333336,"volume":0.1193775606865648,"pan":0.1370020716560676,"distort":0.33798599367648086,"lowpass":0.15370653283962044},"s165_uke":{"startTime":74250,"volume":0.31378852418417214,"pan":0.726948079260646,"distort":0.6138059106612923,"lowpass":0.6014958316237966},"s166_weirrrd.wav":{"startTime":107285.92162554427,"volume":0.13503510600638657,"pan":0.16385096893267181,"distort":0.31936370611814535,"lowpass":0.20964779499859376},"s168_bell_reversed.wav":{"startTime":92750,"volume":0.28262915549930656,"pan":0.22876968979728418,"distort":0.1545670130262331,"lowpass":0.1342605896535165},"s170_christiaN":{"startTime":3396.2264150943397,"volume":0.5027618530876171,"pan":0.26146079029523517,"distort":0.49233001820065936,"lowpass":0.1838797683291178},"s171_spaceship.wav":{"startTime":5747.460087082729,"volume":0.7155110736588277,"pan":0.9392031381492062,"distort":0.6228048708651253,"lowpass":0.8157543105415102},"s172_brian":{"startTime":0,"volume":0.2943243302328695,"pan":0.7820972594097093,"distort":0.23710176342435219,"lowpass":0.08155857044819692},"s173_christiaN":{"startTime":20812.5,"volume":0.37582045529148866,"pan":0.8302768341456359,"distort":0.9386153221356306,"lowpass":0.38552025261284295},"s174_whatsthat.wav":{"startTime":50507.98258345428,"volume":0.7945553039984984,"pan":0.34574144501540793,"distort":0.5502591868714923,"lowpass":0.9583861981662776},"s175_christiaN":{"startTime":15750,"volume":0.02519696949178374,"pan":0.8027612262707842,"distort":0.566114710295666,"lowpass":0.070450136889187},"s176_Raquel":{"startTime":0,"volume":0.9219902406878899,"pan":0.10560189421504651,"distort":0.431064081068087,"lowpass":0.23912564311083062},"s177_snaps":{"startTime":0,"volume":0.13463585875108897,"pan":0.2652308180223413,"distort":0.12761655507004832,"lowpass":0.018561888277143224},"s178_Raquel":{"startTime":91950.32870708546,"volume":0.7799689962138898,"pan":0.9889237855707527,"distort":0.7934453736499936,"lowpass":0.37569896415688286},"s179_christiaN":{"startTime":44250,"volume":0.311118591551228,"pan":0.9205656023192135,"distort":0.16292178998961926,"lowpass":0.04828604467164577},"s180_intense.wav":{"startTime":43018.8679245283,"volume":0.7368393443293331,"pan":0.2415562291546065,"distort":0.411272749879239,"lowpass":0.4516740028034918},"s181_snaps":{"startTime":72250,"volume":0.5295948427260495,"pan":0.040022365260588666,"distort":0.9597005140925938,"lowpass":0.48577398238531067}}