{"s220_NPC":{"startTime":65062.5,"volume":0.5447420410903252,"pan":0.6453023309238857,"distort":0.7116121348282998,"lowpass":0.2723387054772928},"s223_Gavin":{"startTime":20718.75,"volume":0.6337751168048258,"pan":0.5149644814613317,"distort":0.6617826859022071,"lowpass":0.3020309426768977},"s224_Annie":{"startTime":18282.828282828283,"volume":0.28852675510140424,"pan":0.32077194428311395,"distort":0.5825555610831383,"lowpass":0.2725547660966554},"s225_Jonathan":{"startTime":82366.07142857143,"volume":0.22658370942634942,"pan":0.8961586480397523,"distort":0.9728512942808942,"lowpass":0.3977123797737552},"s226_brian":{"startTime":45785.71428571428,"volume":0.4733169401974937,"pan":0.7800230682063488,"distort":0.17236823510659494,"lowpass":0.8273405007576473},"s227_brian":{"startTime":0,"volume":0.004039644678466958,"pan":0.3589878720865993,"distort":0.08788887251616773,"lowpass":0.8971820660896985},"s228_brian":{"startTime":0,"volume":0.8084390448202496,"pan":0.23020196785902103,"distort":0.6284512677103531,"lowpass":0.04282683924671815},"s229_whittyboi":{"startTime":19000,"volume":0.972212234028448,"pan":0.7043420650411865,"distort":0.24942890630818093,"lowpass":0.5077121447417068},"s230_Gavin":{"startTime":30468.75,"volume":0.28405129470812196,"pan":0.4103406221884731,"distort":0.21849371042597632,"lowpass":0.09978488432635835},"s231_Jonathan":{"startTime":12455.357142857143,"volume":0.9916535213011259,"pan":0.13916993082574247,"distort":0.8630946233115744,"lowpass":0.6214078762359714}}