{"s95_sailormoon":{"startTime":17500,"volume":0.8551628374338514,"pan":0.7755967135133077,"distort":0.3168357164807061,"lowpass":0.1575064685169515},"s112_pabloboe":{"startTime":113718.75,"volume":0.1032909012991623,"pan":0.02434160744155689,"distort":0.7410841769691203,"lowpass":0.622849196016845},"s145_bleat.wav":{"startTime":9000,"volume":0.7526437326256521,"pan":0.071509034159281,"distort":0.4966286272572322,"lowpass":0.08691842862535526},"s165_uke":{"startTime":70857.14285714286,"volume":0.8445052477336602,"pan":0.726948079260646,"distort":0.6138059106612923,"lowpass":0.7839062550765653},"s174_whatsthat.wav":{"startTime":56450.892857142855,"volume":0.7945553039984984,"pan":0.34574144501540793,"distort":0.560982129896488,"lowpass":0.9583861981662776},"s192_bobobobo.wav":{"startTime":29625,"volume":0.8682198023315835,"pan":0.1519375533554006,"distort":0.6898533857135916,"lowpass":0.510443561877078},"s199_creature2.wav":{"startTime":12583.333333333334,"volume":0.43936746969728,"pan":0.6692819546805417,"distort":0.6210233191628496,"lowpass":0.16977633986714702}}