{"s223_Gavin":{"startTime":20718.75,"volume":0.6337751168048258,"pan":0.5149644814613317,"distort":0.6617826859022071,"lowpass":0.3020309426768977},"s235_NPC":{"startTime":112406.25,"volume":0.062485924960885564,"pan":0.6511760729550478,"distort":0.2789588193463055,"lowpass":0.48744942818326265}}