{"s2_s2.wav":{"startTime":7482.014388489209,"volume":0.44036697247706424,"pan":0.4403491928027877,"distort":0.3586238532110092,"lowpass":0.8472477064220183},"s8_Boom_Clicks.m4a":{"startTime":20644.216691068814,"volume":0.4775876755271188,"pan":0.36723531989750513,"distort":0.6905242801041795,"lowpass":0.7704186452561349},"s21_Prepared_ArcoSafetyPin_D_01.wav":{"startTime":68250,"volume":0.47318427055904455,"pan":0.3983101377255641,"distort":0.9921067137037197,"lowpass":0.9726138434486306},"s24_Tabes B":{"startTime":0,"volume":0.167253616358068,"pan":0.8664894499126139,"distort":0.5912572594238257,"lowpass":0.9595981534348428},"s25_Tabes B":{"startTime":0,"volume":0.3886045224776138,"pan":0.22121568696902694,"distort":0.24131386266630583,"lowpass":0.40899794447476223},"s26_Tabes B":{"startTime":0,"volume":0.3023938511224131,"pan":0.327665935290657,"distort":0.709534009533505,"lowpass":0.10891878495662533},"s33_Pizz_A4_01.wav":{"startTime":27083.333333333332,"volume":0.9798887107406675,"pan":0.30454974070681384,"distort":0.9046295198862636,"lowpass":0.4141770447632567},"s35_slidy bit 2.wav":{"startTime":0,"volume":0.7299174921556792,"pan":0.4481547323198718,"distort":0.009486173301982648,"lowpass":0.6522962852235488},"s37_thp.wav":{"startTime":31054.59985041137,"volume":0.9527758680295718,"pan":0.21474010578018654,"distort":0.026490043997808854,"lowpass":0.36289350586934077},"s41_fltrill.wav":{"startTime":28571.428571428572,"volume":0.5589529641941371,"pan":0.05073623611700284,"distort":0.6221703707530036,"lowpass":0.35925458828224444},"s46_RainStick":{"startTime":98583.33333333333,"volume":0.7384769337691643,"pan":0.0965738643840457,"distort":0.5398154748065216,"lowpass":0.43315535849455145},"s47_RainStick":{"startTime":38357.142857142855,"volume":0.5486481652041809,"pan":0.9491237636191729,"distort":0.3608903387075513,"lowpass":0.7692780990432109},"s53_MelodicaJabs":{"startTime":107986.11111111111,"volume":0.2639692759729443,"pan":0.3865160918136924,"distort":0.8023572106121055,"lowpass":0.24751498589494436},"s57_kpet":{"startTime":72250,"volume":0.326726985927265,"pan":0.03631978972177574,"distort":0.10974057701533613,"lowpass":0.5446527866772506},"s62_fl1.m4a":{"startTime":15290.322580645161,"volume":0.4128704263734726,"pan":0.15931193078556827,"distort":0.3661542281110417,"lowpass":0.16414907104598853},"s63_kpet":{"startTime":23000,"volume":0.3107234113049133,"pan":0.007912685194744862,"distort":0.39030589349551503,"lowpass":0.6021789292678046},"s70_pabloboe":{"startTime":82583.33333333333,"volume":0.8103121343292334,"pan":0.44275060323052884,"distort":0.9776172516311734,"lowpass":0.4200552824661099},"s72_Julia":{"startTime":111774.19354838709,"volume":0.29865969771276424,"pan":0.3070630736686709,"distort":0.5460942234377768,"lowpass":0.338976892486635},"s73_EXIST.m4a":{"startTime":114833.33333333333,"volume":0.8797671741937034,"pan":0.12992404132113422,"distort":0.3524883992469716,"lowpass":0.6284897297752186},"s77_Julia":{"startTime":43031.25,"volume":0.6854972328480153,"pan":0.07500966910989826,"distort":0.49937726530951676,"lowpass":0.805580406079909},"s81_J-Posthuma":{"startTime":49478.079331941546,"volume":0.8897661863387072,"pan":0.11838472664946653,"distort":0.4071712967636152,"lowpass":0.44776464383321035},"s82_Julia":{"startTime":103548.3870967742,"volume":0.8584501608726626,"pan":0.4169999121736041,"distort":0.2901667188022088,"lowpass":0.7829164991321043},"s88_picc-birb.m4a":{"startTime":30750,"volume":0.9415936742445947,"pan":0.3713247429659776,"distort":0.44812336791561436,"lowpass":0.34701215242461014},"s90_pabloboe":{"startTime":5260.960334029228,"volume":0.7292799693328779,"pan":0.3080145065262534,"distort":0.5108373513775921,"lowpass":0.73476071083422},"s93_beeps.wav":{"startTime":0,"volume":0.610710445788194,"pan":0.8841551798596097,"distort":0.4263399928547249,"lowpass":0.5922712203686291},"s95_sailormoon":{"startTime":2196.193265007321,"volume":0.626656199046647,"pan":0.7755967135133077,"distort":0.8443586522605226,"lowpass":0.1575064685169515},"s97_Julian":{"startTime":68402.77777777778,"volume":0.7468144339011165,"pan":0.8900472702382117,"distort":0.3436171003544357,"lowpass":0.873771343698722},"s98_pabloboe":{"startTime":468.75,"volume":0.9378380201507595,"pan":0.49949864427037793,"distort":0.8708360584076213,"lowpass":0.5419553721112533},"s99_Julia":{"startTime":81677.41935483871,"volume":0.6389087925335213,"pan":0.1630085196130282,"distort":0.5466792303525694,"lowpass":0.6321793798850217},"s100_Shosh":{"startTime":101333.33333333333,"volume":0.15651114011765288,"pan":0.21938672092026024,"distort":0.16842246278027573,"lowpass":0.9400936584424016},"s102_pabloboe":{"startTime":0,"volume":0.8097288915832148,"pan":0.01725693086138036,"distort":0.015405986838855412,"lowpass":0.5238090164549198},"s103_J-Posthuma":{"startTime":23298.538622129436,"volume":0.8934098509242765,"pan":0.45558158800301396,"distort":0.8202362518442823,"lowpass":0.43074428302109324},"s104_pabloboe":{"startTime":0,"volume":0.07622214231620972,"pan":0.2755700625966011,"distort":0.019772924496387345,"lowpass":0.5143972338041505},"s105_Tabes":{"startTime":38785.71428571428,"volume":0.7809996326465475,"pan":0.43676758291993867,"distort":0.2901214456746529,"lowpass":0.005265425040337446},"s107_pabloboe":{"startTime":0,"volume":0.8230001727175136,"pan":0.7847486583441408,"distort":0.3497120457829903,"lowpass":0.1976266670755169},"s108_Julia":{"startTime":90562.5,"volume":0.5589743728330765,"pan":0.3763761811821935,"distort":0.062071222815977434,"lowpass":0.32170778581711734},"s109_pabloboe":{"startTime":1218.75,"volume":0.9873499430146839,"pan":0.13097304809822785,"distort":0.4631867783265947,"lowpass":0.15068413394073743},"s110_Tabes":{"startTime":0,"volume":0.6901781189052001,"pan":0.3229248247076242,"distort":0.3131059045616993,"lowpass":0.9335316328641339},"s111_J-Posthuma":{"startTime":88559.49895615867,"volume":0.7960070916944417,"pan":0.5747643914077885,"distort":0.09343059446384028,"lowpass":0.3080231122592685},"s112_pabloboe":{"startTime":0,"volume":0.255264174384775,"pan":0.7478584875093814,"distort":0.43145114944618457,"lowpass":0.44950731195185933},"s113_EXIST.m4a":{"startTime":15150.115473441108,"volume":0.5372144806311735,"pan":0.2824079551239991,"distort":0.5714094941007739,"lowpass":0.8013495314686792},"s115_slidy-bits-2.wav":{"startTime":102713.98747390397,"volume":0.9456299799895642,"pan":0.6853217272771914,"distort":1,"lowpass":0.8215153425235049},"s116_pabloboe":{"startTime":109593.75,"volume":0.9482432921224043,"pan":0.842296884356259,"distort":0.24059566506794594,"lowpass":0.06766245475702037},"s118_J-Posthuma":{"startTime":73778.70563674321,"volume":0.8167864272239933,"pan":0.45946614259336194,"distort":0.024428020453314936,"lowpass":0.26846471028212493},"s120_thp.wav":{"startTime":39076.21247113164,"volume":0.9834487421502653,"pan":0.5253902967337538,"distort":1,"lowpass":0.5819583753913913}}