{"s220_NPC":{"startTime":55031.25,"volume":0.5447420410903252,"pan":0.6453023309238857,"distort":0.5249113675648727,"lowpass":0.2723387054772928},"s221_whittyboi":{"startTime":0,"volume":0.4595436398749486,"pan":0.14888216092077466,"distort":0.6552456561612912,"lowpass":0.9781095365873098}}