{"s239_Eric":{"startTime":22222.222222222223,"volume":0.2989288463504509,"pan":0.2949861040060471,"distort":0.49294072073089357,"lowpass":0.6518222405133629},"s240_Eric":{"startTime":37575.757575757576,"volume":0.4810137341755718,"pan":0.5282924555168445,"distort":0.039183015982418024,"lowpass":0.4593486693441945}}