{"s63_kpet":{"startTime":63214.28571428572,"volume":0.7339316024311933,"pan":0.007912685194744862,"distort":0.39030589349551503,"lowpass":0.6021789292678046},"s77_Julia":{"startTime":63142.857142857145,"volume":0.2520501338719062,"pan":0.07500966910989826,"distort":0.49937726530951676,"lowpass":0.805580406079909},"s95_sailormoon":{"startTime":62642.857142857145,"volume":0.4583738466081634,"pan":0.7755967135133077,"distort":0.8443586522605226,"lowpass":0.1575064685169515},"s100_Shosh":{"startTime":61428.57142857143,"volume":0.3595828124726016,"pan":0.4932521356307453,"distort":0.16842246278027573,"lowpass":0.9400936584424016},"s111_J-Posthuma":{"startTime":63000,"volume":0.024152604894995156,"pan":0.5747643914077885,"distort":0.09343059446384028,"lowpass":0.3080231122592685},"s112_pabloboe":{"startTime":64571.42857142857,"volume":0.1032909012991623,"pan":0.7478584875093814,"distort":0.43145114944618457,"lowpass":0.622849196016845},"s123_MorosePiano1.wav":{"startTime":63000,"volume":0.3147872734042714,"pan":0.14578140174826304,"distort":0.2401222840063928,"lowpass":0.8435672297441739},"s124_MorosePiano3.wav":{"startTime":15015.136226034308,"volume":0.59400140011025,"pan":0.6506104261986374,"distort":0.005805917237897473,"lowpass":0.09047003574507317},"s127_MorosePiano2.wav":{"startTime":0,"volume":0.002386220070994538,"pan":0.6518063267383387,"distort":0.8808456991099274,"lowpass":0.41549160238053195},"s138_ChRiStIaN":{"startTime":18281.25,"volume":0.3072513434487627,"pan":0.32632023547903244,"distort":0.7608184015941848,"lowpass":0.7116904130967935}}