{"s220_NPC":{"startTime":57857.142857142855,"volume":0.5447420410903252,"pan":0.6453023309238857,"distort":0.7116121348282998,"lowpass":0.46687795462405046},"s223_Gavin":{"startTime":20718.75,"volume":0.6337751168048258,"pan":0.5149644814613317,"distort":0.6617826859022071,"lowpass":0.3020309426768977},"s224_Annie":{"startTime":18282.828282828283,"volume":0.28852675510140424,"pan":0.32077194428311395,"distort":0.5825555610831383,"lowpass":0.2725547660966554},"s226_brian":{"startTime":45785.71428571428,"volume":0.4733169401974937,"pan":0.7800230682063488,"distort":0.17236823510659494,"lowpass":0.8273405007576473},"s227_brian":{"startTime":0,"volume":0.004039644678466958,"pan":0.3589878720865993,"distort":0.08788887251616773,"lowpass":0.8971820660896985},"s228_brian":{"startTime":0,"volume":0.8084390448202496,"pan":0.23020196785902103,"distort":0.6284512677103531,"lowpass":0.04282683924671815},"s231_Jonathan":{"startTime":96500,"volume":0.2136956606852427,"pan":0.49176782551600307,"distort":0.35255977728240095,"lowpass":0.6214078762359714},"s232_Gavin":{"startTime":14531.25,"volume":0.976666103197718,"pan":0.19222017752641984,"distort":0.12433360000371874,"lowpass":0.7113795044363145},"s233_BrianEllisSound":{"startTime":66571.42857142857,"volume":0.11462908011912143,"pan":0.14737895936363898,"distort":0.5173881932012523,"lowpass":0.3494505752180157},"s235_NPC":{"startTime":112406.25,"volume":0.062485924960885564,"pan":0.6511760729550478,"distort":0.2789588193463055,"lowpass":0.48744942818326265},"s236_Gavin":{"startTime":55857.142857142855,"volume":0.18192918802717473,"pan":0.8824168088570823,"distort":0.4144528899819361,"lowpass":0.6081809737544241}}