{"s239_Eric":{"startTime":22222.222222222223,"volume":0.2989288463504509,"pan":0.2949861040060471,"distort":0.49294072073089357,"lowpass":0.6518222405133629},"s240_Eric":{"startTime":37575.757575757576,"volume":0.4810137341755718,"pan":0.5282924555168445,"distort":0.039183015982418024,"lowpass":0.4593486693441945},"s241_NPC":{"startTime":72187.5,"volume":0.7630693714420047,"pan":0.12570189236716045,"distort":0.7804658328822609,"lowpass":0.812482256500072},"s242_Annie":{"startTime":0,"volume":0.07415081317917016,"pan":0.09354743872163906,"distort":0.3702450225852627,"lowpass":0.946319667376861}}