{"s2_s2.wav":{"startTime":9000,"volume":0.47247706422018354,"pan":0.5252115781238886,"distort":0.26688073394495415,"lowpass":0.4458715596330276},"s3_s14_Sputnik-Beep.wav":{"startTime":117375,"volume":0.7875229357798164,"pan":0.445108218950762,"distort":0.5260550458715596,"lowpass":0.6362385321100921},"s4_crickets.wav":{"startTime":12500,"volume":0.38155963302752305,"pan":0.35550458715596334,"distort":0.36550458715596335,"lowpass":0.7532110091743118},"s7_belting.m4a":{"startTime":24250,"volume":0.5305073587439764,"pan":0.5087649192356778,"distort":0.32843024477519867,"lowpass":0.9410994124767411}}