{"s239_Eric":{"startTime":22222.222222222223,"volume":0.2989288463504509,"pan":0.2949861040060471,"distort":0.49294072073089357,"lowpass":0.6518222405133629}}