{"s219_whittyboi":{"startTime":1212.121212121212,"volume":0.8788828334968022,"pan":0.4278434163254996,"distort":0.00711578720668582,"lowpass":0.888802746807675}}