{"s2_s2.wav":{"startTime":78417.26618705037,"volume":0.42431192660550465,"pan":0.4403491928027877,"distort":0.3265137614678899,"lowpass":0.8472477064220183},"s4_crickets.wav":{"startTime":20287.769784172662,"volume":0.5879816513761469,"pan":0.6490825688073394,"distort":0.7462385321100917,"lowpass":0.3954128440366972},"s7_belting.m4a":{"startTime":49784.17266187051,"volume":0.7988559825971874,"pan":0.442251157767788,"distort":0.5417329970687766,"lowpass":0.6819251005501357},"s8_Boom_Clicks.m4a":{"startTime":6250,"volume":0.6201403767033213,"pan":0.03696009053970695,"distort":0.6104298253656248,"lowpass":0.127561502398992}}