{"s2_s2.wav":{"startTime":7482.014388489209,"volume":0.44036697247706424,"pan":0.4403491928027877,"distort":0.3586238532110092,"lowpass":0.8472477064220183},"s4_crickets.wav":{"startTime":833.3333333333334,"volume":0.5534564139138329,"pan":0.6984863166778675,"distort":0.40608507942466976,"lowpass":0.46696309957332416},"s8_Boom_Clicks.m4a":{"startTime":20644.216691068814,"volume":0.4775876755271188,"pan":0.36723531989750513,"distort":0.6905242801041795,"lowpass":0.7704186452561349},"s9_Bowed_vibe_drone.m4a":{"startTime":49875,"volume":0.7501455140313762,"pan":0.8091303055092303,"distort":0.9740565579047763,"lowpass":0.6034723216543927},"s10_Grinding_Coffee_Beans.m4a":{"startTime":61714.28571428572,"volume":0.9083392836956529,"pan":0.7223588843502822,"distort":0.016180536045021343,"lowpass":0.240992721077125},"s16_triangle_groove.m4a":{"startTime":38964.31070678796,"volume":0.8576468170659569,"pan":0.8609656001298343,"distort":0.08897998386782413,"lowpass":0.7226319897314091},"s19_wind_chimes_(short).m4a":{"startTime":40071.42857142857,"volume":0.4182196669672198,"pan":0.7622046452916788,"distort":0.9002363666578532,"lowpass":0.09311727020058647},"s21_Prepared_ArcoSafetyPin_D_01.wav":{"startTime":70805.27086383602,"volume":0.47318427055904455,"pan":0.3983101377255641,"distort":0.9921067137037197,"lowpass":0.4450909076688141},"s24_Tabes B":{"startTime":0,"volume":0.167253616358068,"pan":0.8664894499126139,"distort":0.5912572594238257,"lowpass":0.9595981534348428},"s25_Tabes B":{"startTime":0,"volume":0.3886045224776138,"pan":0.22121568696902694,"distort":0.24131386266630583,"lowpass":0.40899794447476223},"s26_Tabes B":{"startTime":0,"volume":0.3023938511224131,"pan":0.327665935290657,"distort":0.709534009533505,"lowpass":0.10891878495662533},"s33_Pizz_A4_01.wav":{"startTime":66000,"volume":0.9798887107406675,"pan":0.30454974070681384,"distort":0.09958364832663058,"lowpass":0.4141770447632567},"s35_slidy bit 2.wav":{"startTime":0,"volume":0.7299174921556792,"pan":0.4481547323198718,"distort":0.009486173301982648,"lowpass":0.6522962852235488},"s36_fl-ex-trem.wav":{"startTime":43916.666666666664,"volume":0.9225199170281154,"pan":0.9125563611837602,"distort":0.3140816796413609,"lowpass":0.42307710917462704},"s37_thp.wav":{"startTime":31054.59985041137,"volume":0.9527758680295718,"pan":0.21474010578018654,"distort":0.026490043997808854,"lowpass":0.36289350586934077},"s39_slidy-bits-2.wav":{"startTime":100254.30067314884,"volume":0.5712731514914782,"pan":0.1575625823050677,"distort":0.8352748084595223,"lowpass":0.042840490141743404},"s40_picc-whistle.wav":{"startTime":95497.38219895288,"volume":0.3535210502621863,"pan":0.22602459458548185,"distort":0.6886745068228595,"lowpass":0.5522100248838502},"s41_fltrill.wav":{"startTime":55166.666666666664,"volume":0.2518922088575196,"pan":0.05073623611700284,"distort":0.6221703707530036,"lowpass":0.35925458828224444},"s43_Brian":{"startTime":80644.21669106881,"volume":0.4727638269084026,"pan":0.3756394764343449,"distort":0.33236639965540693,"lowpass":0.20284897434691718},"s44_BrianMelodicaC":{"startTime":103750,"volume":0.6642328099237098,"pan":0.5748294335679218,"distort":0.06973914314646035,"lowpass":0.0742696356002055},"s46_RainStick":{"startTime":92583.33333333333,"volume":0.7384769337691643,"pan":0.0965738643840457,"distort":0.5398154748065216,"lowpass":0.9813204961092303},"s47_RainStick":{"startTime":13781.25,"volume":0.16933782037659473,"pan":0.9491237636191729,"distort":0.3608903387075513,"lowpass":0.7692780990432109},"s51_Brian":{"startTime":69714.28571428571,"volume":0.6992826721231511,"pan":0.6840850687960691,"distort":0.6139428407652523,"lowpass":0.8798641949937847},"s53_MelodicaJabs":{"startTime":106607.14285714286,"volume":0.8250915204619222,"pan":0.7612655908116883,"distort":0.8023572106121055,"lowpass":0.24751498589494436},"s54_MelodicaJabs2":{"startTime":2214.285714285714,"volume":0.6687564572028427,"pan":0.7993987571566676,"distort":0.3314890916762683,"lowpass":0.12455573444083368},"s56_kpet":{"startTime":36333.333333333336,"volume":0.18916711975387523,"pan":0.23794630463366095,"distort":0.42465703776414165,"lowpass":0.5351838268824703},"s57_kpet":{"startTime":17343.75,"volume":0.326726985927265,"pan":0.03631978972177574,"distort":0.8459791091254278,"lowpass":0.5446527866772506},"s62_fl1.m4a":{"startTime":15357.142857142857,"volume":0.4128704263734726,"pan":0.24364928018315857,"distort":0.3661542281110417,"lowpass":0.16414907104598853},"s63_kpet":{"startTime":23000,"volume":0.3107234113049133,"pan":0.007912685194744862,"distort":0.39030589349551503,"lowpass":0.6021789292678046},"s65_kpet":{"startTime":65903.2258064516,"volume":0.41155900788027444,"pan":0.7043750325608784,"distort":0.35291023227509566,"lowpass":0.17066095579926488},"s67_picc-birb.m4a":{"startTime":75103.92609699769,"volume":0.28499065860633144,"pan":0.7387153624538276,"distort":0.9867885931619302,"lowpass":0.8544636495578262},"s70_pabloboe":{"startTime":62531.25,"volume":0.8103121343292334,"pan":0.44275060323052884,"distort":0.5647732149339257,"lowpass":0.4200552824661099},"s71_brian":{"startTime":87785.71428571429,"volume":0.003480603871260479,"pan":0.811867869545231,"distort":0.7021437793765613,"lowpass":0.01442801187704612},"s72_Julia":{"startTime":81677.41935483871,"volume":0.29865969771276424,"pan":0.5319626720622452,"distort":0.5460942234377768,"lowpass":0.338976892486635},"s73_EXIST.m4a":{"startTime":61166.666666666664,"volume":0.5140695115611749,"pan":0.12992404132113422,"distort":0.030783411894685697,"lowpass":0.6284897297752186},"s74_pabloboe":{"startTime":28968.75,"volume":0.349962175571358,"pan":0.7940831418288228,"distort":0.5915826855844057,"lowpass":0.3674869899145359},"s77_Julia":{"startTime":38709.67741935484,"volume":0.6854972328480153,"pan":0.07500966910989826,"distort":0.060971468208067536,"lowpass":0.805580406079909},"s78_pabloboe":{"startTime":92714.28571428571,"volume":0.9224034658939456,"pan":0.018976207149530078,"distort":0.7997615281678181,"lowpass":0.6686972842024854},"s79_thp.wav":{"startTime":88683.60277136258,"volume":0.5650165681013389,"pan":0.9097665299480062,"distort":0.686660479782691,"lowpass":0.1402280800017608},"s80_Julian":{"startTime":37416.666666666664,"volume":0.5869864348387623,"pan":0.5274291226876557,"distort":0.767133109940601,"lowpass":0.41807719419388834},"s81_J-Posthuma":{"startTime":49478.079331941546,"volume":0.8897661863387072,"pan":0.11838472664946653,"distort":0.4071712967636152,"lowpass":0.44776464383321035},"s82_Julia":{"startTime":0,"volume":0.5317030635222337,"pan":0.09973083586838327,"distort":0.2901667188022088,"lowpass":0.7829164991321043},"s83_Shosh":{"startTime":7027.818448023426,"volume":0.4276410152077895,"pan":0.4497209796539181,"distort":0.2774042555078873,"lowpass":0.7737028534509489},"s84_pabloboe":{"startTime":937.5,"volume":0.8316417581604628,"pan":0.6347220459276048,"distort":0.5722461020495742,"lowpass":0.5280357260178183},"s85_sailormoon":{"startTime":37950.2196193265,"volume":0.13896980451032426,"pan":0.9117751483947087,"distort":0.5703647551028368,"lowpass":0.059649171093177356},"s86_sailormoon":{"startTime":92942.89897510981,"volume":0.9108712962794467,"pan":0.4641420668340399,"distort":0.6512151031249143,"lowpass":0.9177897613436442},"s87_Connor":{"startTime":0,"volume":0.6206037993831008,"pan":0.8695839080697718,"distort":0.6650923256098946,"lowpass":0.3807498187129046},"s88_picc-birb.m4a":{"startTime":32055.4272517321,"volume":0.9415936742445947,"pan":0.3713247429659776,"distort":0.9263842374808318,"lowpass":0.34701215242461014},"s89_PeterXavier":{"startTime":12553.542009884679,"volume":0.668659343790448,"pan":0.3546824051091264,"distort":0.45450502900937195,"lowpass":0.22747884558061915},"s90_pabloboe":{"startTime":6483.870967741936,"volume":0.2768710386630777,"pan":0.3080145065262534,"distort":0.11223595277619336,"lowpass":0.73476071083422},"s91_Shosh":{"startTime":79238.65300146413,"volume":0.1843406514459096,"pan":0.7404910396337552,