{"s2_s2.wav":{"startTime":67338.12949640288,"volume":0.47247706422018354,"pan":0.7660372661972832,"distort":0.5352293577981652,"lowpass":0.539908256880734},"s4_crickets.wav":{"startTime":48057.553956834534,"volume":0.38155963302752305,"pan":0.35550458715596334,"distort":0.7462385321100917,"lowpass":0.5697247706422017},"s7_belting.m4a":{"startTime":22877.69784172662,"volume":0.7988559825971874,"pan":0.6165630843732925,"distort":0.2687972172522629,"lowpass":0.5855948253207779},"s8_Boom_Clicks.m4a":{"startTime":6250,"volume":0.6201403767033213,"pan":0.03696009053970695,"distort":0.6104298253656248,"lowpass":0.127561502398992}}