{"s239_Eric":{"startTime":102285.71428571429,"volume":0.5331083116519297,"pan":0.2949861040060471,"distort":0.49294072073089357,"lowpass":0.6518222405133629},"s240_Eric":{"startTime":1218.75,"volume":0.3455970675089052,"pan":0.5983561497843604,"distort":0.039183015982418024,"lowpass":0.4593486693441945},"s241_NPC":{"startTime":65437.5,"volume":0.08575645191301184,"pan":0.13337452663826022,"distort":0.7804658328822609,"lowpass":0.812482256500072},"s243_brian":{"startTime":6142.857142857143,"volume":0.7335380440756674,"pan":0.44773034571119474,"distort":0.4693045421859583,"lowpass":0.4711912445288352},"s244_Gavin":{"startTime":50714.28571428572,"volume":0.3821337000647047,"pan":0.2597215255883949,"distort":0.06058050863374931,"lowpass":0.78511361805556},"s245_Jonathan":{"startTime":92191.16321009918,"volume":0.4183257697170839,"pan":0.9047548811908741,"distort":0.33963294540288524,"lowpass":0.492762107311008},"s246_brian":{"startTime":73928.57142857143,"volume":0.715105024574533,"pan":0.5930476249790045,"distort":0.7577305235776275,"lowpass":0.4940028302115932},"s247_NPC":{"startTime":6142.857142857143,"volume":0.2708615409403875,"pan":0.3633225518538863,"distort":0.07603708938667486,"lowpass":0.26839464978737704},"s248_Annie":{"startTime":102281.25,"volume":0.5693219458599781,"pan":0.036515006359579605,"distort":0.7176473701308266,"lowpass":0.6258694387080641},"s249_Gavin":{"startTime":16416.666666666668,"volume":0.8354682327338824,"pan":0.8018614344021162,"distort":0.7986531356123078,"lowpass":0.8644778564261166},"s250_brian":{"startTime":31285.714285714286,"volume":0.7066069433184536,"pan":0.8613127221303851,"distort":0.00210608137886914,"lowpass":0.6210877099376206},"s252_Annie":{"startTime":42714.28571428572,"volume":0.2821179355335177,"pan":0.4757094234060567,"distort":0.83425419408295,"lowpass":0.051875787346782776},"s253_brian":{"startTime":103642.85714285714,"volume":0.38413953802535183,"pan":0.4180907369241267,"distort":0.8415063129645872,"lowpass":0.7019637401409651},"s254_Gavin":{"startTime":48584.310189359785,"volume":0.741848058569643,"pan":0.09040402712580309,"distort":0.013818035191151656,"lowpass":0.7164477194706693},"s255_Eric":{"startTime":88416.66666666667,"volume":0.6325578482637693,"pan":0.5608423743883182,"distort":0.9971535754420262,"lowpass":0.7385510867112279},"s257_NPC":{"startTime":82500,"volume":0.30063923561797323,"pan":0.1739245651363086,"distort":0.909681303960377,"lowpass":0.33104962895100276},"s258_Eric":{"startTime":108785.71428571429,"volume":0.6696704916138099,"pan":0.6866521999320933,"distort":0.8848119995271273,"lowpass":0.20749943156543216},"s259_brian":{"startTime":68571.42857142857,"volume":0.4771358774104406,"pan":0.9544573350786081,"distort":0.8169711287778825,"lowpass":0.564630185005412},"s261_Gavin":{"startTime":53500,"volume":0.6231491570000856,"pan":0.29338306333173614,"distort":0.9276148880259427,"lowpass":0.8266965590148847},"s262_Gavin":{"startTime":5750,"volume":0.5255304862921133,"pan":0.24103471569680046,"distort":0.026637095990416526,"lowpass":0.11487509592128342},"s263_Eric":{"startTime":59191.919191919194,"volume":0.9090725281509723,"pan":0.5311761193976268,"distort":0.36284905629664,"lowpass":0.41454406875600447},"s264_Annie":{"startTime":69843.75,"volume":0.5201460960460309,"pan":0.01925089197532759,"distort":0.3336702895083674,"lowpass":0.17388652783320713},"s266_Eric":{"startTime":90583.33333333333,"volume":0.8956233941049744,"pan":0.9620485767971012,"distort":0.9294709777578833,"lowpass":0.7361900059335309},"s267_Gavin":{"startTime":20000,"volume":0.4967818708870535,"pan":0.7819336640864345,"distort":0.9817001495179658,"lowpass":0.20429064603505243},"s268_brian":{"startTime":96333.33333333333,"volume":0.9957958053890377,"pan":0.32060170247073616,"distort":0.5128563864642883,"lowpass":0.8658259991695766},"s269_Annie":{"startTime":1687.5,"volume":0.28861021952071364,"pan":0.7675885135873238,"distort":0.6286010542467171,"lowpass":0.751997068156026},"s270_Eric":{"startTime":106060.60606060606,"volume":0.8515888807815658,"pan":0.9901551737840546,"distort":0.41302754989330426,"lowpass":0.4384378069005157},"s271_Jonathan":{"startTime":54843.75,"volume":0.6751776125034796,"pan":0.4494060038459021,"distort":0,"lowpass":0.06556377852371797},"s273_Annie":{"startTime":56500,"volume":0.4985500869365658,"pan":0.33552964463142954,"distort":0.5258501177502799,"lowpass":0.6216165191513215},"s274_Gavin":{"startTime":27937.5,"volume":0.9363745185312957,"pan":0.580124206552064,"distort":0.18832243392815684,"lowpass":0.6069519817092801},"s275_brian":{"startTime":54916.666666666664,"volume":0.2814028889629461,"pan":0.37844244064331867,"distort":0.6928288204395847,"lowpass":0.2536538323979407},"s276_Eric":{"startTime":77250,"volume":0.9425847674702585,"pan":0.9282142232358157,"distort":0.08950782764386922,"lowpass":0.8499058074461154},"s277_Gavin":{"startTime":0,"volume":0.7815420546164313,"pan":0.7396545732349917,"distort":0.9558523306543865,"lowpass":0.17138593002058755},"s278_Jonathan":{"startTime":10279.531109107304,"volume":0.16041408552687764,"pan":0.08935656212667098,"distort":0.277862506461381,"lowpass":0.5386538561784695},"s279_Annie":{"startTime":0,"volume":0.9210408839856532,"pan":0.5366997622358782,"distort":0.7974837639115302,"lowpass":0.6764950642466927},"s283_brian":{"startTime":59583.333333333336,"volume":0.5536740161120068,"pan":0.35176859996591014,"distort":0.10875875376702959,"lowpass":0.9278948165124536},"s284_Gavin":{"startTime":28125,"volume":0.05285054001410061,"pan":0.6094324221804288,"distort":0.8762716504041632,"lowpass":0.8340653971934335},"s286_Gavin":{"startTime":43031.25,"volume":0.08213885336312521,"pan":0.003321154033542495,"distort":0.5166633294659579,"lowpass":0.717566156380627},"s287_brian":{"startTime":35333.333333333336,"volume":0.1991003064655973,"pan":0.5028753829479398,"distort":0.7046022529354682,"lowpass":0.6389657694446826},"s289_Annie":{"startTime":45187.5,"volume":0.603845173167262,"pan":0.6921581869400111,"distort":0.8490384247505744,"lowpass":0.055698998961838164},"s290_brian":{"startTime":468.75,"volume":0.45880657244113354,"pan":0.5727089514932389,"distort":0.8951128791104688,"lowpass":0.9730261036367349},"s291_Annie":{"startTime":0,"volume":0.30052100284079275,"pan":0.04690922348791804,"distort":0.3899663850756514,"lowpass":0.12632647878525205},"s292_Annie":{"startTime":0,"volume":0.25364732901847065,"pan":0.13772025889275818,"distort":0.5637072268319139,"lowpass":0.5825315649580243},"s293_brian":{"startTime":71083.33333333333,"volume":0.3746290310495045,"pan":0.5885397482812567,"distort":0.13705205316264646,"lowpass":0.30119049206739645},"s294_Gavin":{"startTime":43833.333333333336,"volume":0.4542292236197819,"pan":0.5176847023149791,"distort":0.7984050501079074,"lowpass":0.11691919949401353},"s295_Annie":{"startTime":19593.75,"volume":0.12826415220836296,"pan":0.37758772839338084,"distort":0.7187428154602786,"lowpass":0.5487054697947709},"s296_Jonathan":{"startTime":34666.666666666664,"volume":0.5275091272375878,"pan":0.3066613311054158,"distort":0.42493755139150236,"lowpass":0.3310354715613729},"s297_Gavin":{"startTime":15916.666666666666,"volume":0.6144271198918413,"pan":0.3309717285665259,"distort":0.5543945146591409,"lowpass":0.677090254799565},"s298_brian":{"startTime":87333.33333333333,"volume":0.1911601261198813,"pan":0.709030735883269,"distort":0.5770972325439716,"lowpass":0.26484351137235373},"s299_NPC":{"startTime":112406.25,"volume":0.56717513762066,"pan":0.35679511437038514,"distort":0.5807369419710369,"lowpass":0.3003382101293357},"s300_Eric":{"startTime":50000,"volume":0.834628047369912,"pan":0.5270507156913472,"distort":0.03265478369370611,"lowpass":0.32569040673963956},"s301_Annie":{"startTime":58031.25,"volume":0.5358326221177963,"pan":0.7008157683456733,"distort":0.05778011512561143,"lowpass":0.07757593998661827},"s302_Gavin":{"startTime":31875,"volume":0.3433988707898752,"pan":0.4971948784500557,"distort":0.7315975402516044,