{"s220_NPC":{"startTime":40218.75,"volume":0.5447420410903252,"pan":0.6453023309238857,"distort":0.4379548458257422,"lowpass":0.2723387054772928}}