{"s239_Eric":{"startTime":102285.71428571429,"volume":0.5331083116519297,"pan":0.2949861040060471,"distort":0.49294072073089357,"lowpass":0.6518222405133629},"s240_Eric":{"startTime":1218.75,"volume":0.3455970675089052,"pan":0.5983561497843604,"distort":0.039183015982418024,"lowpass":0.4593486693441945},"s243_brian":{"startTime":6142.857142857143,"volume":0.7335380440756674,"pan":0.44773034571119474,"distort":0.4693045421859583,"lowpass":0.4711912445288352},"s244_Gavin":{"startTime":50714.28571428572,"volume":0.3821337000647047,"pan":0.2597215255883949,"distort":0.06058050863374931,"lowpass":0.78511361805556},"s245_Jonathan":{"startTime":105887.77863182168,"volume":0.4076874718447435,"pan":0.8360981647729636,"distort":0.33963294540288524,"lowpass":0.492762107311008},"s246_brian":{"startTime":73928.57142857143,"volume":0.715105024574533,"pan":0.5930476249790045,"distort":0.7577305235776275,"lowpass":0.4940028302115932},"s247_NPC":{"startTime":6142.857142857143,"volume":0.2708615409403875,"pan":0.3633225518538863,"distort":0.07603708938667486,"lowpass":0.26839464978737704},"s250_brian":{"startTime":31285.714285714286,"volume":0.7066069433184536,"pan":0.8613127221303851,"distort":0.00210608137886914,"lowpass":0.6210877099376206},"s252_Annie":{"startTime":42714.28571428572,"volume":0.2821179355335177,"pan":0.4757094234060567,"distort":0.83425419408295,"lowpass":0.051875787346782776},"s255_Eric":{"startTime":88416.66666666667,"volume":0.6325578482637693,"pan":0.5608423743883182,"distort":0.9971535754420262,"lowpass":0.7385510867112279},"s257_NPC":{"startTime":82500,"volume":0.30063923561797323,"pan":0.1739245651363086,"distort":0.909681303960377,"lowpass":0.33104962895100276},"s258_Eric":{"startTime":108785.71428571429,"volume":0.6696704916138099,"pan":0.6866521999320933,"distort":0.8848119995271273,"lowpass":0.20749943156543216},"s263_Eric":{"startTime":59191.919191919194,"volume":0.9090725281509723,"pan":0.5311761193976268,"distort":0.36284905629664,"lowpass":0.41454406875600447},"s264_Annie":{"startTime":69843.75,"volume":0.5201460960460309,"pan":0.01925089197532759,"distort":0.3336702895083674,"lowpass":0.17388652783320713},"s266_Eric":{"startTime":90583.33333333333,"volume":0.8956233941049744,"pan":0.9620485767971012,"distort":0.9294709777578833,"lowpass":0.7361900059335309},"s267_Gavin":{"startTime":20000,"volume":0.4967818708870535,"pan":0.7819336640864345,"distort":0.9817001495179658,"lowpass":0.20429064603505243},"s270_Eric":{"startTime":106060.60606060606,"volume":0.8515888807815658,"pan":0.9901551737840546,"distort":0.41302754989330426,"lowpass":0.4384378069005157},"s273_Annie":{"startTime":57166.666666666664,"volume":0.4985500869365658,"pan":0.33552964463142954,"distort":0.5258501177502799,"lowpass":1},"s279_Annie":{"startTime":72750,"volume":0.9210408839856532,"pan":0.5366997622358782,"distort":0.7974837639115302,"lowpass":0.6260363486503624},"s284_Gavin":{"startTime":28125,"volume":0.05285054001410061,"pan":0.6094324221804288,"distort":0.8762716504041632,"lowpass":0.8340653971934335},"s286_Gavin":{"startTime":43031.25,"volume":0.08213885336312521,"pan":0.003321154033542495,"distort":0.5166633294659579,"lowpass":0.717566156380627},"s287_brian":{"startTime":35333.333333333336,"volume":0.1991003064655973,"pan":0.5028753829479398,"distort":0.7046022529354682,"lowpass":0.6389657694446826},"s289_Annie":{"startTime":50269.02382782475,"volume":0.23948347103960244,"pan":0.6921581869400111,"distort":0.8490384247505744,"lowpass":0.055698998961838164},"s291_Annie":{"startTime":0,"volume":0.30052100284079275,"pan":0.04690922348791804,"distort":0.3899663850756514,"lowpass":0.12632647878525205},"s292_Annie":{"startTime":0,"volume":0.25364732901847065,"pan":0.13772025889275818,"distort":0.5637072268319139,"lowpass":0.5825315649580243},"s293_brian":{"startTime":71083.33333333333,"volume":0.3746290310495045,"pan":0.5885397482812567,"distort":0.13705205316264646,"lowpass":0.30119049206739645},"s294_Gavin":{"startTime":43833.333333333336,"volume":0.4542292236197819,"pan":0.5176847023149791,"distort":0.7984050501079074,"lowpass":0.11691919949401353},"s295_Annie":{"startTime":19593.75,"volume":0.12826415220836296,"pan":0.37758772839338084,"distort":0.7187428154602786,"lowpass":0.5487054697947709},"s296_Jonathan":{"startTime":34687.5,"volume":0.652306534044719,"pan":0.3066613311054158,"distort":0.9160234509052787,"lowpass":0.3310354715613729},"s297_Gavin":{"startTime":15916.666666666666,"volume":0.6144271198918413,"pan":0.3309717285665259,"distort":0.5543945146591409,"lowpass":0.677090254799565},"s298_brian":{"startTime":87333.33333333333,"volume":0.1911601261198813,"pan":0.709030735883269,"distort":0.5770972325439716,"lowpass":0.26484351137235373},"s299_NPC":{"startTime":112406.25,"volume":0.56717513762066,"pan":0.35679511437038514,"distort":0.5807369419710369,"lowpass":0.3003382101293357},"s300_Eric":{"startTime":109698.04618117229,"volume":0.834628047369912,"pan":0.4633056957710284,"distort":0.03265478369370611,"lowpass":0.32569040673963956},"s301_Annie":{"startTime":58031.25,"volume":0.5358326221177963,"pan":0.7008157683456733,"distort":0.05778011512561143,"lowpass":0.07757593998661827},"s303_brian":{"startTime":74083.33333333333,"volume":0.18327476926246544,"pan":0.505444783785304,"distort":0.5982342686713131,"lowpass":0.10375881325815217},"s305_Jonathan":{"startTime":31487.826871055004,"volume":0.938745822594125,"pan":0.16777494497774537,"distort":0.10224460084711895,"lowpass":0.9350994032690019},"s308_Jonathan":{"startTime":99873.76014427411,"volume":0.5733626662424873,"pan":0.8973641234910879,"distort":0.6298328532871693,"lowpass":0.7262973484713491},"s309_NPC":{"startTime":97968.75,"volume":0.47485839649790595,"pan":0.5658141161507224,"distort":0.48022735562780317,"lowpass":0.386092068255515},"s311_Annie":{"startTime":70166.66666666667,"volume":0.9243260931684336,"pan":0.8933797451386669,"distort":0.44074004551015866,"lowpass":0.720816771467144},"s312_Jonathan":{"startTime":33549.107142857145,"volume":0.5316454969509492,"pan":0.555523839102275,"distort":0.2736915312813517,"lowpass":0.945918348620999},"s313_brian":{"startTime":22083.333333333332,"volume":0.6866909395861396,"pan":0.8406154563998849,"distort":0.5304737087377203,"lowpass":0.05933000891366791},"s314_Annie":{"startTime":82312.5,"volume":0.943711959906909,"pan":0.9458446240706535,"distort":0.3348468625279669,"lowpass":0.8645577788804037},"s315_NPC":{"startTime":8906.25,"volume":0.17115004059523709,"pan":0.6343228873431472,"distort":0.40273329165403293,"lowpass":0.4249275520907396},"s316_Gavin":{"startTime":32156.25,"volume":0.7849893051797974,"pan":0.7552656676622109,"distort":0.9617619876635657,"lowpass":0.5411427899974415},"s319_Annie":{"startTime":44416.666666666664,"volume":0.9623028390319268,"pan":0.32170842360751073,"distort":0.16678124787774218,"lowpass":0.8300186625540631},"s320_Jonathan":{"startTime":46487.31744811683,"volume":0.6474362813188765,"pan":0.38164825607841435,"distort":0.8084185887220714,"lowpass":0.08994122938538052},"s321_NPC":{"startTime":95906.25,"volume":0.007371574417800786,"pan":0.13425362939318175,"distort":0.9284963512216207,"lowpass":0.10727498894565857},"s323_brian":{"startTime":57750,"volume":0.12478246299921858,"pan":0.8808334612909656,"distort":0.8775723363718393,"lowpass":0.13559176185115285},"s324_Ashley":{"startTime":0,"volume":0.615369841263951,"pan":0.027364459004731057,"distort":0.5630692293283956,"lowpass":0.15892001965157232},"s325_Gavin":{"startTime":17416.666666666668,"volume":0.7119733164000424,"pan":0.868031174341217,"distort":0.3071566454979633,"lowpass":0.30446641625483084},"s326_Eric":{"startTime":45757.57575757576,"volume":0.8769465432994337,"pan":0.22151512151467845,"distort":0.34694932313014903,"lowpass":0.377921939296034},"s327_Benji":{"startTime":66003.55239786857,"volume":0.5944052778107978,"pan":0.1154068887425711,"distort":0.36377247101565957,"lowpass":0.7052640557993437},"s328_grak":{"startTime":0,"volume":0.17393509706616306,