{"s2_s2.wav":{"startTime":3833.3333333333335,"volume":0.00917431192660545,"pan":0.5642024038119622,"distort":0.01,"lowpass":0.47339449541284406},"s3_s14_Sputnik-Beep.wav":{"startTime":3666.6666666666665,"volume":0.9778899082568806,"pan":0.7662091363819548,"distort":0.01,"lowpass":0.9802752293577983},"s4_crickets.wav":{"startTime":17583.333333333332,"volume":0.6888990825688074,"pan":0.5229357798165137,"distort":0.13155963302752294,"lowpass":0.6935779816513762},"s5_brian":{"startTime":109083.33333333333,"volume":0.7222395521108367,"pan":0.6201810822507726,"distort":0.40830771203133276,"lowpass":0.6371601994946543}}