{"s239_Eric":{"startTime":102285.71428571429,"volume":0.5331083116519297,"pan":0.2949861040060471,"distort":0.49294072073089357,"lowpass":0.6518222405133629},"s240_Eric":{"startTime":1218.75,"volume":0.3455970675089052,"pan":0.5983561497843604,"distort":0.039183015982418024,"lowpass":0.4593486693441945},"s241_NPC":{"startTime":30714.285714285714,"volume":0.27501476393347224,"pan":0.13337452663826022,"distort":0.7804658328822609,"lowpass":0.812482256500072},"s242_Annie":{"startTime":36071.42857142857,"volume":0.52570264765016,"pan":0.07125444509106571,"distort":0.3702450225852627,"lowpass":0.946319667376861},"s243_brian":{"startTime":14500,"volume":0.33934009185723735,"pan":0.44773034571119474,"distort":0.4693045421859583,"lowpass":0.4711912445288352},"s244_Gavin":{"startTime":50714.28571428572,"volume":0.3821337000647047,"pan":0.2597215255883949,"distort":0.06058050863374931,"lowpass":0.78511361805556},"s245_Jonathan":{"startTime":91714.28571428571,"volume":0.4183257697170839,"pan":0.9763966722356502,"distort":0.33963294540288524,"lowpass":0.492762107311008},"s246_brian":{"startTime":73928.57142857143,"volume":0.715105024574533,"pan":0.5930476249790045,"distort":0.7577305235776275,"lowpass":0.4940028302115932},"s247_NPC":{"startTime":6142.857142857143,"volume":0.2708615409403875,"pan":0.3633225518538863,"distort":0.07603708938667486,"lowpass":0.26839464978737704},"s248_Annie":{"startTime":24928.571428571428,"volume":0.5693219458599781,"pan":0.6925659617735923,"distort":0.7176473701308266,"lowpass":0.6258694387080641},"s249_Gavin":{"startTime":22857.14285714286,"volume":0.41344988411002914,"pan":0.8018614344021162,"distort":0.7986531356123078,"lowpass":0.8644778564261166},"s250_brian":{"startTime":31285.714285714286,"volume":0.7066069433184536,"pan":0.8613127221303851,"distort":0.00210608137886914,"lowpass":0.6210877099376206},"s251_Jonathan":{"startTime":76714.28571428571,"volume":0.6022884286637595,"pan":0.8292452029934836,"distort":0.6326656232121703,"lowpass":0.07687399243680582},"s252_Annie":{"startTime":42714.28571428572,"volume":0.2821179355335177,"pan":0.4757094234060567,"distort":0.83425419408295,"lowpass":0.051875787346782776},"s253_brian":{"startTime":103642.85714285714,"volume":0.38413953802535183,"pan":0.4180907369241267,"distort":0.8415063129645872,"lowpass":0.7019637401409651},"s254_Gavin":{"startTime":48142.857142857145,"volume":0.741848058569643,"pan":0.10532940026013149,"distort":0.013818035191151656,"lowpass":0.7164477194706693},"s255_Eric":{"startTime":84142.85714285714,"volume":0.7013651877133106,"pan":0.5608423743883182,"distort":0.6143410754420262,"lowpass":0.7385510867112279},"s256_Jonathan":{"startTime":116214.28571428571,"volume":0.5707091013184974,"pan":0.0070169966251377724,"distort":0.546022253607547,"lowpass":0.19721832356103575},"s257_NPC":{"startTime":82500,"volume":0.30063923561797323,"pan":0.1739245651363086,"distort":0.909681303960377,"lowpass":0.33104962895100276},"s258_Eric":{"startTime":108785.71428571429,"volume":0.6696704916138099,"pan":0.6866521999320933,"distort":0.8848119995271273,"lowpass":0.20749943156543216},"s259_brian":{"startTime":68571.42857142857,"volume":0.4771358774104406,"pan":0.9544573350786081,"distort":0.8169711287778825,"lowpass":0.564630185005412},"s260_Annie":{"startTime":92428.57142857143,"volume":0.610154656765838,"pan":0.17853578285335703,"distort":0.9659750551288555,"lowpass":0.31666922181510293},"s261_Gavin":{"startTime":53500,"volume":0.6231491570000856,"pan":0.29338306333173614,"distort":0.9276148880259427,"lowpass":0.8266965590148847},"s262_Gavin":{"startTime":0,"volume":0.0759892018884436,"pan":0.24103471569680046,"distort":0.026637095990416526,"lowpass":0.11487509592128342},"s263_Eric":{"startTime":59191.919191919194,"volume":0.9090725281509723,"pan":0.5311761193976268,"distort":0.36284905629664,"lowpass":0.41454406875600447},"s264_Annie":{"startTime":69843.75,"volume":0.5201460960460309,"pan":0.01925089197532759,"distort":0.3336702895083674,"lowpass":0.17388652783320713},"s265_brian":{"startTime":69714.28571428571,"volume":0.7899692782420906,"pan":0.4433586713884643,"distort":0.6613430514977214,"lowpass":0.14679837117509997},"s266_Eric":{"startTime":85151.51515151515,"volume":0.8956233941049744,"pan":0.9620485767971012,"distort":0.08469204021545296,"lowpass":0.7361900059335309},"s267_Gavin":{"startTime":25125,"volume":0.5357726965751268,"pan":0.7819336640864345,"distort":0.9817001495179658,"lowpass":0.20429064603505243},"s268_brian":{"startTime":96333.33333333333,"volume":0.9957958053890377,"pan":0.32060170247073616,"distort":0.5128563864642883,"lowpass":0.8658259991695766},"s269_Annie":{"startTime":2343.75,"volume":0.28861021952071364,"pan":0.7675885135873238,"distort":0.590384493737163,"lowpass":0.751997068156026},"s270_Eric":{"startTime":106060.60606060606,"volume":0.8515888807815658,"pan":0.9901551737840546,"distort":0.41302754989330426,"lowpass":0.4384378069005157}}