{"s1":{"startTime":802.7777777777778,"volume":0.04077253218884125,"pan":0.5},"s2":{"startTime":902.7777777777778,"volume":0.1566523605150214,"pan":0.5},"s3":{"startTime":418.05555555555554,"volume":0.15021459227467815,"pan":0.5},"s4":{"startTime":179.16666666666666,"volume":0.38841201716738194,"pan":0.5},"s5":{"startTime":222.22222222222223,"volume":0.008583690987124637,"pan":0.5}}