{"s1":{"startTime":23.504273504273506,"volume":0.8652917629580721,"pan":0.5},"s2":{"startTime":1192.3076923076924,"volume":0.5621801749752393,"pan":0.5},"s3":{"startTime":369.65811965811963,"volume":0.6982915153516012,"pan":0.5},"s4":{"startTime":1752.1367521367522,"volume":0.9245831957741829,"pan":0.5},"s5":{"startTime":1042.7350427350427,"volume":0.7321413832948171,"pan":0.5}}