{"s1":{"startTime":380.34188034188037,"volume":0.0665236051502146,"pan":0.5},"s2":{"startTime":324.56140350877195,"volume":0.9527896995708155,"pan":0.5},"s3":{"startTime":223.68421052631578,"volume":0.05579399141630903,"pan":0.5},"s4":{"startTime":776.3157894736842,"volume":0.03648068669527893,"pan":0.5},"s5":{"startTime":596.4912280701755,"volume":0.11158798283261795,"pan":0.5}}