{"s1":{"startTime":803.4188034188035,"volume":0.5,"pan":0.5},"s2":{"startTime":967.9487179487179,"volume":1,"pan":0.5},"s3":{"startTime":149.57264957264957,"volume":1,"pan":0.5},"s4":{"startTime":170.94017094017093,"volume":1,"pan":0.5},"s5":{"startTime":136.75213675213675,"volume":1,"pan":0.5}}